fit_tier,priority,company,legal_name,usdot,power_units,drivers,officer,phone,email,city,state,zip,address,safety_rating,hazmat,classdef,fit_score,suggested_plan,add_on,outreach_angle,safer_url
Growth,High,CAIN AM BICKLEY LLC,CAIN AM BICKLEY LLC,111,11,5,"JOHN S. BICKLEY, JR.",4789672291,cainchris8689@gmail.com,MARSHALLVILLE,GA,31057,218 CAMELLIA BLVD,None listed,No,PRIVATE PROPERTY;AUTHORIZED FOR HIRE;EXEMPT FOR HIRE,60,$199/mo Growth,Offer DOT Record Monitor $29/mo,"CSA areas, reports, multi-user — growing fleet (fits Growth $199)",https://safer.fmcsa.dot.gov/query.asp?searchtype=ANY&query_type=queryCarrierSnapshot&query_param=USDOT&query_string=111
Starter,High,CWT FARMS INTERNATIONAL INC,CWT FARMS INTERNATIONAL INC,174,8,10,JAY DANIELS,7705323181,bking@AVIAGEN.COM,GAINESVILLE,GA,30501,1180 AIRPORT PARKWAY,S,No,PRIVATE PROPERTY;AUTHORIZED FOR HIRE,95,$99/mo Starter,Mention Monitor after trial activation,Expiration tracking + document vault for small fleet (fits Starter $99),https://safer.fmcsa.dot.gov/query.asp?searchtype=ANY&query_type=queryCarrierSnapshot&query_param=USDOT&query_string=174
Fleet,High,TRANSPORTATION SERVICES INC,TRANSPORTATION SERVICES INC,198,534,619,KENNETH PELLEGRINO,7342824444,,ROMULUS,MI,48174,18165 TELEGRAPH ROAD,S,Yes,AUTHORIZED FOR HIRE,110,$299/mo Fleet,Offer DOT Record Monitor $29/mo,"Unlimited seats, reports, integrations + Monitor (fits Fleet $299)",https://safer.fmcsa.dot.gov/query.asp?searchtype=ANY&query_type=queryCarrierSnapshot&query_param=USDOT&query_string=198
Growth,Medium,C & K TRANSFER LLC,C & K TRANSFER LLC,206,12,7,MARK CRADY,6412363418,MSCRADY@YAHOO.COM,GRINNELL,IA,50112,127 EAST ST S,None listed,No,AUTHORIZED FOR HIRE,65,$199/mo Growth,Offer DOT Record Monitor $29/mo,"CSA areas, reports, multi-user — growing fleet (fits Growth $199)",https://safer.fmcsa.dot.gov/query.asp?searchtype=ANY&query_type=queryCarrierSnapshot&query_param=USDOT&query_string=206
Fleet,Medium,DOUG ANDRUS DISTRIBUTING LLC,DOUG ANDRUS DISTRIBUTING LLC,234,255,255,JASON  ANDRUS,2085336700,nathan.chatriand@dougandrus.com,IDAHO FALLS,ID,83402,6300 S 45TH WEST,S,Yes,AUTHORIZED FOR HIRE;EXEMPT FOR HIRE,95,$299/mo Fleet,Offer DOT Record Monitor $29/mo,"Unlimited seats, reports, integrations + Monitor (fits Fleet $299)",https://safer.fmcsa.dot.gov/query.asp?searchtype=ANY&query_type=queryCarrierSnapshot&query_param=USDOT&query_string=234
Growth,High,ANDERSON COACH & TRAVEL,AC COACH OPERATIONS INC,337,46,66,DOUG D. ANDERSON,7245888310,SAFETY@GOANDERSON.COM,GREENVILLE,PA,16125,1 ANDERSON PLZ,S,No,AUTHORIZED FOR HIRE,65,$199/mo Growth,Offer DOT Record Monitor $29/mo,"CSA areas, reports, multi-user — growing fleet (fits Growth $199)",https://safer.fmcsa.dot.gov/query.asp?searchtype=ANY&query_type=queryCarrierSnapshot&query_param=USDOT&query_string=337
Fleet,High,MOHAWK,MOHAWK CARPET TRANSPORTATION OF GEORGIA LLC,374,992,930,JEFFREY  S. LORBERBAUM,7062721821,tim_cuzzort@mohawkind.com,CALHOUN,GA,30701,160 SOUTH INDUSTRIAL BLVD,S,No,PRIVATE PROPERTY;AUTHORIZED FOR HIRE,120,$299/mo Fleet,Offer DOT Record Monitor $29/mo,"Unlimited seats, reports, integrations + Monitor (fits Fleet $299)",https://safer.fmcsa.dot.gov/query.asp?searchtype=ANY&query_type=queryCarrierSnapshot&query_param=USDOT&query_string=374
Growth,Medium,C W WILLIAMS INC,C W WILLIAMS INC,529,17,19,COLETTE WATSON,6629882117,colette@cwwilliamsinc.com,HICKORY FLAT,MS,38633,1078 CR 11,S,No,AUTHORIZED FOR HIRE;U. S. MAIL,65,$199/mo Growth,Offer DOT Record Monitor $29/mo,"CSA areas, reports, multi-user — growing fleet (fits Growth $199)",https://safer.fmcsa.dot.gov/query.asp?searchtype=ANY&query_type=queryCarrierSnapshot&query_param=USDOT&query_string=529
Fleet,High,BARNHART CRANE AND RIGGING CO,BARNHART CRANE AND RIGGING CO,536,1106,848,BRANT  DURDIN,9017753000,brant@barnhartcrane.com,MEMPHIS,TN,38114,2163 AIRWAYS BLVD,S,Yes,PRIVATE PROPERTY;AUTHORIZED FOR HIRE,95,$299/mo Fleet,Offer DOT Record Monitor $29/mo,"Unlimited seats, reports, integrations + Monitor (fits Fleet $299)",https://safer.fmcsa.dot.gov/query.asp?searchtype=ANY&query_type=queryCarrierSnapshot&query_param=USDOT&query_string=536
Growth,High,DUFFY CRANE & HAULING,DUFFY CRANE INC,594,47,62,ROB CUMMINGS,3037788484,RCUMMINGS@DUFFYCRANE.COM,HENDERSON,CO,80640,10180 BRIGHTON RD,S,No,PRIVATE PROPERTY;AUTHORIZED FOR HIRE,90,$199/mo Growth,Offer DOT Record Monitor $29/mo,"CSA areas, reports, multi-user — growing fleet (fits Growth $199)",https://safer.fmcsa.dot.gov/query.asp?searchtype=ANY&query_type=queryCarrierSnapshot&query_param=USDOT&query_string=594
Starter,High,EMPIRE WAREHOUSE INC,EMPIRE WAREHOUSE INC,619,9,8,THOMAS F LEE,3037769500,MYOCKEY@EMPIRE-WAREHOUSE.COM,DENVER,CO,80239,11701 E 53RD AVE,S,No,AUTHORIZED FOR HIRE,95,$99/mo Starter,Mention Monitor after trial activation,Expiration tracking + document vault for small fleet (fits Starter $99),https://safer.fmcsa.dot.gov/query.asp?searchtype=ANY&query_type=queryCarrierSnapshot&query_param=USDOT&query_string=619
Starter,Medium,CHRISTENSEN TRUCKING INC,CHRISTENSEN TRUCKING INC,651,7,6,BRETT ZIKMUND,3085362405,,FULLERTON,NE,68638,2967 HWY 14,C,No,PRIVATE PROPERTY;AUTHORIZED FOR HIRE;EXEMPT FOR HIRE,110,$99/mo Starter,Mention Monitor after trial activation,Expiration tracking + document vault for small fleet (fits Starter $99),https://safer.fmcsa.dot.gov/query.asp?searchtype=ANY&query_type=queryCarrierSnapshot&query_param=USDOT&query_string=651
Starter,Medium,EBEL TRANSFER INC,EBEL TRANSFER INC,702,5,4,MARK EBEL,4023722481,mebel@gpcom.net,WEST POINT,NE,68788,212 W SHERMAN ST,S,No,AUTHORIZED FOR HIRE,95,$99/mo Starter,Mention Monitor after trial activation,Expiration tracking + document vault for small fleet (fits Starter $99),https://safer.fmcsa.dot.gov/query.asp?searchtype=ANY&query_type=queryCarrierSnapshot&query_param=USDOT&query_string=702
Growth,Medium,EVELAND SUPPLY CO,EVELAND SUPPLY CO INC,716,13,9,SCOTT EVELAND,4026643200,evesupco@gpcom.net,SCRIBNER,NE,68057,710 COUNTY ROAD 14,None listed,No,PRIVATE PROPERTY;AUTHORIZED FOR HIRE,65,$199/mo Growth,Offer DOT Record Monitor $29/mo,"CSA areas, reports, multi-user — growing fleet (fits Growth $199)",https://safer.fmcsa.dot.gov/query.asp?searchtype=ANY&query_type=queryCarrierSnapshot&query_param=USDOT&query_string=716
Growth,Medium,ALBERT FARMS INC,ALBERT FARMS INC,717,16,25,JEFFREY ALBERT,2077284318,accounting@evergreen99.com,MADAWASKA,ME,04756,791 MAIN STREET,S,No,AUTHORIZED FOR HIRE,95,$199/mo Growth,Offer DOT Record Monitor $29/mo,"CSA areas, reports, multi-user — growing fleet (fits Growth $199)",https://safer.fmcsa.dot.gov/query.asp?searchtype=ANY&query_type=queryCarrierSnapshot&query_param=USDOT&query_string=717
Starter,Medium,FOLTZ BROTHERS INC,FOLTZ BROTHERS INC,726,6,6,ROBERT A. FOLTZ,4029230166,jkfoltZ@telebeep.com,HUMPHREY,NE,68642-0525,31900 STATE HWY 91,S,No,PRIVATE PROPERTY;AUTHORIZED FOR HIRE;EXEMPT FOR HIRE,65,$99/mo Starter,Mention Monitor after trial activation,Expiration tracking + document vault for small fleet (fits Starter $99),https://safer.fmcsa.dot.gov/query.asp?searchtype=ANY&query_type=queryCarrierSnapshot&query_param=USDOT&query_string=726
Fleet,Medium,FREMONT CONTRACT CARRIERS INC,FREMONT CONTRACT CARRIERS INC,733,386,351,TRAVIS  MINNICK,4027213020,travis.minnick@fcc-inc.com,FREMONT,NE,68025,865 BUD BOULEVARD,S,No,AUTHORIZED FOR HIRE,120,$299/mo Fleet,Offer DOT Record Monitor $29/mo,"Unlimited seats, reports, integrations + Monitor (fits Fleet $299)",https://safer.fmcsa.dot.gov/query.asp?searchtype=ANY&query_type=queryCarrierSnapshot&query_param=USDOT&query_string=733
Fleet,Medium,GROSCH IRRIGATION CO INC,GROSCH IRRIGATION CO INC,761,87,39,DICK GROSCH,4023361438,dick@groschirrigation.com,ONEILL,NE,68763,114 N 6TH ST,S,No,PRIVATE PROPERTY;AUTHORIZED FOR HIRE,90,$299/mo Fleet,Offer DOT Record Monitor $29/mo,"Unlimited seats, reports, integrations + Monitor (fits Fleet $299)",https://safer.fmcsa.dot.gov/query.asp?searchtype=ANY&query_type=queryCarrierSnapshot&query_param=USDOT&query_string=761
Starter,Medium,MITZEL & SONS INC,MITZEL & SONS INC,812,6,6,DON MITZEL,6052257464,amywipf1389@gmail.com,ABERDEEN,SD,57401,38391 US HWY 12,None listed,No,PRIVATE PROPERTY;AUTHORIZED FOR HIRE,65,$99/mo Starter,Mention Monitor after trial activation,Expiration tracking + document vault for small fleet (fits Starter $99),https://safer.fmcsa.dot.gov/query.asp?searchtype=ANY&query_type=queryCarrierSnapshot&query_param=USDOT&query_string=812
Growth,Medium,MOYLE PETROLEUM COMPANY,MOYLE PETROLEUM COMPANY,835,16,10,DERECK A BUDAHL,6053431966,JSULLIVAN@COMMONCENTSSTORES.COM,RAPID CITY,SD,57702,2504 W MAIN ST,S,Yes,AUTHORIZED FOR HIRE,65,$199/mo Growth,Offer DOT Record Monitor $29/mo,"CSA areas, reports, multi-user — growing fleet (fits Growth $199)",https://safer.fmcsa.dot.gov/query.asp?searchtype=ANY&query_type=queryCarrierSnapshot&query_param=USDOT&query_string=835
Growth,Medium,HILLS PRODUCTS GROUP INC,HILLS PRODUCTS GROUP INC,881,13,5,BRAD  HAMMERBECK,6053943310,marilynh@hillspg.com,RAPID CITY,SD,57701,314 FOUNDERS PARK DR,S,No,PRIVATE PROPERTY;AUTHORIZED FOR HIRE,60,$199/mo Growth,Offer DOT Record Monitor $29/mo,"CSA areas, reports, multi-user — growing fleet (fits Growth $199)",https://safer.fmcsa.dot.gov/query.asp?searchtype=ANY&query_type=queryCarrierSnapshot&query_param=USDOT&query_string=881
Growth,Medium,OPPERMAN INC,OPPERMAN INC,920,19,11,JEFFREY OPPERMAN,6058358578,joleneopperman@hotmail.com,GREGORY,SD,57533,908 EAST 14TH ST,None listed,Yes,PRIVATE PROPERTY;AUTHORIZED FOR HIRE,65,$199/mo Growth,Offer DOT Record Monitor $29/mo,"CSA areas, reports, multi-user — growing fleet (fits Growth $199)",https://safer.fmcsa.dot.gov/query.asp?searchtype=ANY&query_type=queryCarrierSnapshot&query_param=USDOT&query_string=920
Starter,Medium,OUELLETTE TRUCKING INC,OUELLETTE TRUCKING INC,923,8,8,SHERI OUELLETTE,6056779067,ouellettetrucking@hotmail.com,VERMILLION,SD,57069,2704 E HWY 50,None listed,Yes,AUTHORIZED FOR HIRE,90,$99/mo Starter,Mention Monitor after trial activation,Expiration tracking + document vault for small fleet (fits Starter $99),https://safer.fmcsa.dot.gov/query.asp?searchtype=ANY&query_type=queryCarrierSnapshot&query_param=USDOT&query_string=923
Growth,Medium,HEARTLAND PAPER CO,CHRIS CAM CORPORATION,943,19,21,SANDRA  CHRISTENSON,6053361190,,SIOUX FALLS,SD,57104,808 WEST CHEROKEE,None listed,Yes,PRIVATE PROPERTY;AUTHORIZED FOR HIRE,85,$199/mo Growth,Offer DOT Record Monitor $29/mo,"CSA areas, reports, multi-user — growing fleet (fits Growth $199)",https://safer.fmcsa.dot.gov/query.asp?searchtype=ANY&query_type=queryCarrierSnapshot&query_param=USDOT&query_string=943
Starter,Medium,PARKER,PARKER TRANSFER AND STORAGE INC,945,5,4,JOEL PARKER,6053363118,joel@PARKERTRANSFER.COM,SIOUX FALLS,SD,57104-0211,1700 N F AVENUE,S,No,PRIVATE PROPERTY;AUTHORIZED FOR HIRE,95,$99/mo Starter,Mention Monitor after trial activation,Expiration tracking + document vault for small fleet (fits Starter $99),https://safer.fmcsa.dot.gov/query.asp?searchtype=ANY&query_type=queryCarrierSnapshot&query_param=USDOT&query_string=945
Starter,Medium,PERKINS STORAGE & TRANSFER CO INC,PERKINS STORAGE & TRANSFER CO INC,969,5,15,SUSAN R SCHMIDT,6056922041,PerkinsFMCSA@outlook.com,BROOKINGS,SD,57006,416 3RD AVE,S,Yes,AUTHORIZED FOR HIRE,95,$99/mo Starter,Mention Monitor after trial activation,Expiration tracking + document vault for small fleet (fits Starter $99),https://safer.fmcsa.dot.gov/query.asp?searchtype=ANY&query_type=queryCarrierSnapshot&query_param=USDOT&query_string=969
Starter,Medium,RICH GRANT TRUCKING CO,RICH GRANT TRUCKING CO,1044,10,10,RICH GRANT,8016217370,RICHGRANTTRUCKING@HOTMAIL.COM,OGDEN,UT,84401,910 W 24TH STREET,S,No,AUTHORIZED FOR HIRE,120,$99/mo Starter,Mention Monitor after trial activation,Expiration tracking + document vault for small fleet (fits Starter $99),https://safer.fmcsa.dot.gov/query.asp?searchtype=ANY&query_type=queryCarrierSnapshot&query_param=USDOT&query_string=1044
Growth,Medium,RMC FOODS INC,RMC FOODS INC,1114,38,41,LAMOND H GUBLER,4356733583,montg@rmcfoods.com,SAINT GEORGE,UT,84770-3126,825 NORTH INDUSTRIAL RD,None listed,No,PRIVATE PROPERTY;AUTHORIZED FOR HIRE,95,$199/mo Growth,Offer DOT Record Monitor $29/mo,"CSA areas, reports, multi-user — growing fleet (fits Growth $199)",https://safer.fmcsa.dot.gov/query.asp?searchtype=ANY&query_type=queryCarrierSnapshot&query_param=USDOT&query_string=1114
Fleet,High,KOMATSU,KOMATSU AMERICA CORP,1115,52,49,DANIEL G. MAWSON,7757484637,daniel.mawson@global.komatsu,CHICAGO,IL,60631,8770 W BRYN MAWR AVE SUITE 100,S,Yes,PRIVATE PROPERTY;AUTHORIZED FOR HIRE,65,$299/mo Fleet,Offer DOT Record Monitor $29/mo,"Unlimited seats, reports, integrations + Monitor (fits Fleet $299)",https://safer.fmcsa.dot.gov/query.asp?searchtype=ANY&query_type=queryCarrierSnapshot&query_param=USDOT&query_string=1115
Fleet,Medium,NICHOLAS & CO INC,NICHOLAS & CO INC,1122,148,205,BRIAN MAY,8015311100,RANDALL.AMES@nicholasandco.com,SALT LAKE CITY,UT,84116-0000,5520 HAROLD GATTY DRIVE,S,No,PRIVATE PROPERTY;AUTHORIZED FOR HIRE,95,$299/mo Fleet,Offer DOT Record Monitor $29/mo,"Unlimited seats, reports, integrations + Monitor (fits Fleet $299)",https://safer.fmcsa.dot.gov/query.asp?searchtype=ANY&query_type=queryCarrierSnapshot&query_param=USDOT&query_string=1122
Starter,Medium,ROBERT E WELLS INC,ROBERT E WELLS INC,1283,5,3,CLAY R WELLS,8012552407,wellshousemovers@hotmail.com,WEST JORDAN,UT,84088-9438,1369 W 7900 S,None listed,No,OTHER-UNKNOWN;AUTHORIZED FOR HIRE,95,$99/mo Starter,Mention Monitor after trial activation,Expiration tracking + document vault for small fleet (fits Starter $99),https://safer.fmcsa.dot.gov/query.asp?searchtype=ANY&query_type=queryCarrierSnapshot&query_param=USDOT&query_string=1283
Fleet,Medium,ICM SOLUTIONS WHEELER POWER SYSTEMS HERITAGE IND DIAMOND EQUIPMENT RENTAL,WHEELER MACHINERY CO,1302,204,161,MICHELE MCDERMAID,8019781802,mmcdermaid@campbellcompanies.com,SALT LAKE CITY,UT,84120,4901 WEST 2100 SOUTH,S,No,PRIVATE PROPERTY;AUTHORIZED FOR HIRE,95,$299/mo Fleet,Offer DOT Record Monitor $29/mo,"Unlimited seats, reports, integrations + Monitor (fits Fleet $299)",https://safer.fmcsa.dot.gov/query.asp?searchtype=ANY&query_type=queryCarrierSnapshot&query_param=USDOT&query_string=1302
Fleet,Medium,RUDE TRANSPORTATION INC,RUDE TRANSPORTATION INC,1391,68,62,DANA  J DRAISEY,6053356575,ddraisey@rudetransportation.com,SIOUX FALLS,SD,57107-0542,200 S MARION RD,S,Yes,AUTHORIZED FOR HIRE,120,$299/mo Fleet,Offer DOT Record Monitor $29/mo,"Unlimited seats, reports, integrations + Monitor (fits Fleet $299)",https://safer.fmcsa.dot.gov/query.asp?searchtype=ANY&query_type=queryCarrierSnapshot&query_param=USDOT&query_string=1391
Growth,Medium,DAN SCHROEDERMEIER TRUCKING INC,DAN SCHROEDERMEIER TRUCKING INC,1440,18,18,DAN SCHROEDERMEIER,6057632087,cschroed27@gmail.com,BERESFORD,SD,57004-1504,210 N 16TH STREET,S,No,AUTHORIZED FOR HIRE,120,$199/mo Growth,Offer DOT Record Monitor $29/mo,"CSA areas, reports, multi-user — growing fleet (fits Growth $199)",https://safer.fmcsa.dot.gov/query.asp?searchtype=ANY&query_type=queryCarrierSnapshot&query_param=USDOT&query_string=1440
Fleet,Medium,TUCKER FREIGHT LINES INC,ART PAPE TRANSFER INC,1674,340,310,SAUNYA  TUCKER,5635881435,compliance@tuckerfreight.com,DUBUQUE,IA,52001,1080 EAST 12TH STREET,S,No,AUTHORIZED FOR HIRE,120,$299/mo Fleet,Offer DOT Record Monitor $29/mo,"Unlimited seats, reports, integrations + Monitor (fits Fleet $299)",https://safer.fmcsa.dot.gov/query.asp?searchtype=ANY&query_type=queryCarrierSnapshot&query_param=USDOT&query_string=1674
Starter,Medium,TRANSPORT SALES CO - RAINBO OIL,RAINBO OIL COMPANY-TRANSPORT SALES COMPANY,1719,9,6,PAUL FAHEY,5635827291,heatherh@rainbolubes.com,DUBUQUE,IA,52001,2255 KERPER BLVD,S,Yes,PRIVATE PROPERTY,50,$99/mo Starter,Mention Monitor after trial activation,Expiration tracking + document vault for small fleet (fits Starter $99),https://safer.fmcsa.dot.gov/query.asp?searchtype=ANY&query_type=queryCarrierSnapshot&query_param=USDOT&query_string=1719
Growth,Medium,SEEGERS TRUCK LINE INC,SEEGERS TRUCK LINE INC,1783,15,13,BRYCE  F SEEGERS,3199845163,jaclyn@seegerstruckline.com,DENVER,IA,50622-1017,727 S STATE ST,S,Yes,AUTHORIZED FOR HIRE,120,$199/mo Growth,Offer DOT Record Monitor $29/mo,"CSA areas, reports, multi-user — growing fleet (fits Growth $199)",https://safer.fmcsa.dot.gov/query.asp?searchtype=ANY&query_type=queryCarrierSnapshot&query_param=USDOT&query_string=1783
Fleet,Medium,WARREN TRANSPORT INC,WARREN TRANSPORT INC,1896,343,340,LANCE VOTROUBEK,3192336113,BCAUGHRON@WARRENTRANSPORT.COM,WATERLOO,IA,50701,3124 TITAN TRAIL,S,Yes,AUTHORIZED FOR HIRE,120,$299/mo Fleet,Offer DOT Record Monitor $29/mo,"Unlimited seats, reports, integrations + Monitor (fits Fleet $299)",https://safer.fmcsa.dot.gov/query.asp?searchtype=ANY&query_type=queryCarrierSnapshot&query_param=USDOT&query_string=1896
Growth,Medium,WITTENBURG TRUCK LINE INC,WITTENBURG TRUCK LINE INC,1931,12,10,RODNEY WITTENBURG,3192793371,wittruck@GMAIL.COM,READLYN,IA,50668,117 MALONE AVENUE,S,No,AUTHORIZED FOR HIRE,90,$199/mo Growth,Offer DOT Record Monitor $29/mo,"CSA areas, reports, multi-user — growing fleet (fits Growth $199)",https://safer.fmcsa.dot.gov/query.asp?searchtype=ANY&query_type=queryCarrierSnapshot&query_param=USDOT&query_string=1931
Starter,High,A-1 RELOCATION INC,A-1 RELOCATION INC,2030,9,10,,3033642684,khenderson@a-1relocation.com,AURORA,CO,80010,11701 E 33RD AVE,S,No,OTHER-UNKNOWN;AUTHORIZED FOR HIRE,65,$99/mo Starter,Mention Monitor after trial activation,Expiration tracking + document vault for small fleet (fits Starter $99),https://safer.fmcsa.dot.gov/query.asp?searchtype=ANY&query_type=queryCarrierSnapshot&query_param=USDOT&query_string=2030
Fleet,High,GARDA CL CENTRAL INC,GARDA CL CENTRAL INC,2046,137,84,PAOLA  MARACHLY,5619397000,paola.marachly@garda.com,BOCA RATON,FL,33431-7304,2000 NW CORPORATE BLVD,S,No,AUTHORIZED FOR HIRE,65,$299/mo Fleet,Offer DOT Record Monitor $29/mo,"Unlimited seats, reports, integrations + Monitor (fits Fleet $299)",https://safer.fmcsa.dot.gov/query.asp?searchtype=ANY&query_type=queryCarrierSnapshot&query_param=USDOT&query_string=2046
Growth,Medium,FRANKLIN EXPRESS INC,FRANKLIN EXPRESS INC,2061,24,25,RONALD MANTLO,2705863296,mantlo@franklinexp.com,FRANKLIN,KY,42134,2305 BOWLING GREEN RD,S,No,AUTHORIZED FOR HIRE,120,$199/mo Growth,Offer DOT Record Monitor $29/mo,"CSA areas, reports, multi-user — growing fleet (fits Growth $199)",https://safer.fmcsa.dot.gov/query.asp?searchtype=ANY&query_type=queryCarrierSnapshot&query_param=USDOT&query_string=2061
Growth,Medium,EDLIN BROTHERS INC,EDLIN BROTHERS INC,2075,19,10,DONALD R EDLIN,5025493420,edlinbrosinc@roadrunner.com,NEW HAVEN,KY,40051-9720,1637 LYONS STATION ROAD,S,No,AUTHORIZED FOR HIRE,95,$199/mo Growth,Offer DOT Record Monitor $29/mo,"CSA areas, reports, multi-user — growing fleet (fits Growth $199)",https://safer.fmcsa.dot.gov/query.asp?searchtype=ANY&query_type=queryCarrierSnapshot&query_param=USDOT&query_string=2075
Fleet,Medium,BURNS MOTOR FREIGHT INC,BURNS MOTOR FREIGHT INC,2413,65,43,JOHN B BURNS,3047996106,DOUG.BURNS@BURNSMOTORFREIGHT.COM,MARLINTON,WV,24954-0149,18750 SENECA TRAIL,S,No,AUTHORIZED FOR HIRE,120,$299/mo Fleet,Offer DOT Record Monitor $29/mo,"Unlimited seats, reports, integrations + Monitor (fits Fleet $299)",https://safer.fmcsa.dot.gov/query.asp?searchtype=ANY&query_type=queryCarrierSnapshot&query_param=USDOT&query_string=2413
Growth,Medium,RHODES BRICK & BLOCK INC,RHODES BRICK & BLOCK INC,2460,13,10,SHARON R RHODES,3047277062,Sherry@rhodesblock.co,SAINT ALBANS,WV,25177,107 INDUSTRIAL ROAD,S,No,PRIVATE PROPERTY;AUTHORIZED FOR HIRE,65,$199/mo Growth,Offer DOT Record Monitor $29/mo,"CSA areas, reports, multi-user — growing fleet (fits Growth $199)",https://safer.fmcsa.dot.gov/query.asp?searchtype=ANY&query_type=queryCarrierSnapshot&query_param=USDOT&query_string=2460
Fleet,Medium,AE,ANDERSON ERICKSON DAIRY COMPANY,2489,175,195,T  WARREN ERICKSON,5152652521,michaelg@aedairy.com,DES MOINES,IA,50317,2420 E UNIVERSITY AVE,S,No,PRIVATE PROPERTY;AUTHORIZED FOR HIRE,65,$299/mo Fleet,Offer DOT Record Monitor $29/mo,"Unlimited seats, reports, integrations + Monitor (fits Fleet $299)",https://safer.fmcsa.dot.gov/query.asp?searchtype=ANY&query_type=queryCarrierSnapshot&query_param=USDOT&query_string=2489
Fleet,Medium,BARTON SOLVENTS INC,BARTON SOLVENTS INC,2516,107,77,THOMAS BERKHEIMER,5152657998,TOMB@BARSOL.COM,DES MOINES,IA,50313,1920 NE BROADWAY,S,Yes,PRIVATE PROPERTY;AUTHORIZED FOR HIRE,65,$299/mo Fleet,Offer DOT Record Monitor $29/mo,"Unlimited seats, reports, integrations + Monitor (fits Fleet $299)",https://safer.fmcsa.dot.gov/query.asp?searchtype=ANY&query_type=queryCarrierSnapshot&query_param=USDOT&query_string=2516
Growth,Medium,H & I TRUCKING LLC,H & I TRUCKING LLC,2575,11,8,JOSHUA STEFFENSEN,6052030472,JOANNSTEFFENSEN@YAHOO.COM,HETLAND,SD,57212,205 MAIN AVE,C,No,AUTHORIZED FOR HIRE,90,$199/mo Growth,Offer DOT Record Monitor $29/mo,"CSA areas, reports, multi-user — growing fleet (fits Growth $199)",https://safer.fmcsa.dot.gov/query.asp?searchtype=ANY&query_type=queryCarrierSnapshot&query_param=USDOT&query_string=2575
Growth,High,STAN ALLES TRANSPORT,STAN ALLES,2662,14,12,STAN ALLES,5598429424,stanley@STANALLESTRANSPORT .COM,FRESNO,CA,93723,4601 N JAMESON AVE,S,Yes,AUTHORIZED FOR HIRE,120,$199/mo Growth,Offer DOT Record Monitor $29/mo,"CSA areas, reports, multi-user — growing fleet (fits Growth $199)",https://safer.fmcsa.dot.gov/query.asp?searchtype=ANY&query_type=queryCarrierSnapshot&query_param=USDOT&query_string=2662
Growth,High,TREVIS BERRY TRANSPORTATION,TREVIS BERRY TRANSPORTATION,2955,49,45,DAVID D REYNOLDS,4088428238,info@trevisberry.com,GILROY,CA,95020,655 E LUCHESSA AVE,S,No,AUTHORIZED FOR HIRE,120,$199/mo Growth,Offer DOT Record Monitor $29/mo,"CSA areas, reports, multi-user — growing fleet (fits Growth $199)",https://safer.fmcsa.dot.gov/query.asp?searchtype=ANY&query_type=queryCarrierSnapshot&query_param=USDOT&query_string=2955
Growth,High,CROWN WORLDWIDE MOVING AND STORAGE LLC,CROWN WORLDWIDE MOVING AND STORAGE LLC,2970,25,18,CHRIS STATHIS,5106144105,chris.stathis@goarmstrong.com,UNION CITY,CA,94587,32001 DOWE AVE,S,No,AUTHORIZED FOR HIRE,65,$199/mo Growth,Offer DOT Record Monitor $29/mo,"CSA areas, reports, multi-user — growing fleet (fits Growth $199)",https://safer.fmcsa.dot.gov/query.asp?searchtype=ANY&query_type=queryCarrierSnapshot&query_param=USDOT&query_string=2970
Growth,High,COLONIAL VAN & STORAGE INC,COLONIAL VAN & STORAGE INC,2973,31,23,DOUGLAS B. WELTON,9163811372,dawn@colonialvan.com,SACRAMENTO,CA,95828,6001 88TH ST,S,Yes,PRIVATE PROPERTY;AUTHORIZED FOR HIRE,95,$199/mo Growth,Offer DOT Record Monitor $29/mo,"CSA areas, reports, multi-user — growing fleet (fits Growth $199)",https://safer.fmcsa.dot.gov/query.asp?searchtype=ANY&query_type=queryCarrierSnapshot&query_param=USDOT&query_string=2973
Fleet,Medium,DFA,DAIRY FARMERS OF AMERICA INC,3042,407,394,RICH  BELMAREZ,9704753311,rbelmarez@dfamilk.com,KANSAS CITY,KS,66111-1865,1405 N 98TH ST,S,No,AUTHORIZED FOR HIRE,95,$299/mo Fleet,Offer DOT Record Monitor $29/mo,"Unlimited seats, reports, integrations + Monitor (fits Fleet $299)",https://safer.fmcsa.dot.gov/query.asp?searchtype=ANY&query_type=queryCarrierSnapshot&query_param=USDOT&query_string=3042
Fleet,High,MFA OIL OR MFA PROPANE,MFA OIL COMPANY,3051,640,466,TRACY BARTH,5738760381,TBARTH@MFAOIL.COM,COLUMBIA,MO,65201,ONE RAY YOUNG DRIVE,S,Yes,PRIVATE PROPERTY;AUTHORIZED FOR HIRE,95,$299/mo Fleet,Offer DOT Record Monitor $29/mo,"Unlimited seats, reports, integrations + Monitor (fits Fleet $299)",https://safer.fmcsa.dot.gov/query.asp?searchtype=ANY&query_type=queryCarrierSnapshot&query_param=USDOT&query_string=3051
Growth,Medium,POWELL TRUCKING AND LIVE HAUL,POWELL TRUCKING AND LIVE HAUL,3185,16,16,BETTYE POWELL,8704386904,csmith@powellmilling.com,GREEN FOREST,AR,72638,400 W MAIN,S,No,"PRIVATE PASSENGER, NON-BUSINESS;AUTHORIZED FOR HIRE;EXEMPT FOR HIRE",50,$199/mo Growth,Offer DOT Record Monitor $29/mo,"CSA areas, reports, multi-user — growing fleet (fits Growth $199)",https://safer.fmcsa.dot.gov/query.asp?searchtype=ANY&query_type=queryCarrierSnapshot&query_param=USDOT&query_string=3185
Starter,Medium,PLANT TRUCK LINE INC,PLANT TRUCK LINE INC,3256,9,10,STANLEY KENNEDY,5013623640,JGASAWAY@COX-INTERNET.COM,HEBER SPRINGS,AR,72543-9791,149 BOLTON SULLIVAN DR,S,No,AUTHORIZED FOR HIRE,120,$99/mo Starter,Mention Monitor after trial activation,Expiration tracking + document vault for small fleet (fits Starter $99),https://safer.fmcsa.dot.gov/query.asp?searchtype=ANY&query_type=queryCarrierSnapshot&query_param=USDOT&query_string=3256
Fleet,Medium,OAKLEY TRUCKING,OAKLEY TRUCKING INC,3259,918,918,JUSTIN  OAKLEY,5019450875,rcarson@bruceoakley.com,NORTH LITTLE ROCK,AR,72114,3400 GRIBBLE STREET,S,Yes,AUTHORIZED FOR HIRE,90,$299/mo Fleet,Offer DOT Record Monitor $29/mo,"Unlimited seats, reports, integrations + Monitor (fits Fleet $299)",https://safer.fmcsa.dot.gov/query.asp?searchtype=ANY&query_type=queryCarrierSnapshot&query_param=USDOT&query_string=3259
Fleet,Medium,TYSON,TYSON FOODS INC,3327,5861,3136,RANDY  POUNDERS,4792904000,randy.pounders@tyson.com,SPRINGDALE,AR,72762,2200 W DON TYSON PARKWAY AR07628,S,Yes,PRIVATE PROPERTY;AUTHORIZED FOR HIRE,65,$299/mo Fleet,Offer DOT Record Monitor $29/mo,"Unlimited seats, reports, integrations + Monitor (fits Fleet $299)",https://safer.fmcsa.dot.gov/query.asp?searchtype=ANY&query_type=queryCarrierSnapshot&query_param=USDOT&query_string=3327
Growth,Medium,LVL INC,LVL INC,3348,22,34,RICK  VASSAR,5019450700,rickvassar@vassarleasing.com,NORTH LITTLE ROCK,AR,72117,1301 MCNEIL DRIVE,S,No,"PRIVATE PASSENGER, BUSINESS;PRIVATE PASSENGER, NON-BUSINESS;AUTHORIZED FOR HIRE",55,$199/mo Growth,Offer DOT Record Monitor $29/mo,"CSA areas, reports, multi-user — growing fleet (fits Growth $199)",https://safer.fmcsa.dot.gov/query.asp?searchtype=ANY&query_type=queryCarrierSnapshot&query_param=USDOT&query_string=3348
Fleet,High,MFA INCORPORATED,MFA INCORPORATED,3686,846,845,BOB HUFFMAN,5738765402,lhuskey@MFA-INC.COM,COLUMBIA,MO,65201,201 RAY YOUNG DR,S,Yes,PRIVATE PROPERTY;AUTHORIZED FOR HIRE,95,$299/mo Fleet,Offer DOT Record Monitor $29/mo,"Unlimited seats, reports, integrations + Monitor (fits Fleet $299)",https://safer.fmcsa.dot.gov/query.asp?searchtype=ANY&query_type=queryCarrierSnapshot&query_param=USDOT&query_string=3686
Fleet,High,PRIME INC,NEW PRIME INC,3706,7919,9070,ROBERT  LOW,4178660001,ddavis@primeinc.com,SPRINGFIELD,MO,65803,2740 NORTH MAYFAIR AVE,S,Yes,PRIVATE PROPERTY;AUTHORIZED FOR HIRE,95,$299/mo Fleet,Offer DOT Record Monitor $29/mo,"Unlimited seats, reports, integrations + Monitor (fits Fleet $299)",https://safer.fmcsa.dot.gov/query.asp?searchtype=ANY&query_type=queryCarrierSnapshot&query_param=USDOT&query_string=3706
Fleet,High,NAPA RAYLOC RMDS QUAKER CITY MOTOR PARTS GLOBAL PARTS,GENUINE PARTS COMPANY,3774,81,106,CHRISTOPHER  T. GALL,6789345000,laquita_donald@genpt.com,ATLANTA,GA,30339,2999 WILDWOOD PARKWAY,S,Yes,PRIVATE PROPERTY;AUTHORIZED FOR HIRE,95,$299/mo Fleet,Offer DOT Record Monitor $29/mo,"Unlimited seats, reports, integrations + Monitor (fits Fleet $299)",https://safer.fmcsa.dot.gov/query.asp?searchtype=ANY&query_type=queryCarrierSnapshot&query_param=USDOT&query_string=3774
Fleet,High,SGC FOODSERVICE,SPRINGFIELD GROCER COMPANY,3849,149,200,TOMMY WOHLGEMUTH,4178834230,sgc-transportation@SGCFOODSERVICE.COM,SPRINGFIELD,MO,65807-4005,2415 BATTLEFIELD STREET,S,Yes,PRIVATE PROPERTY;AUTHORIZED FOR HIRE,95,$299/mo Fleet,Offer DOT Record Monitor $29/mo,"Unlimited seats, reports, integrations + Monitor (fits Fleet $299)",https://safer.fmcsa.dot.gov/query.asp?searchtype=ANY&query_type=queryCarrierSnapshot&query_param=USDOT&query_string=3849
Fleet,Medium,SAVAGE,SAVAGE INFRASTRUCTURE LLC,4015,903,841,BENJAMIN  BATES,8019446600,dotadmin@savageco.com,MIDVALE,UT,84047,901 WEST LEGACY CENTER WAY,S,Yes,PRIVATE PROPERTY;AUTHORIZED FOR HIRE,95,$299/mo Fleet,Offer DOT Record Monitor $29/mo,"Unlimited seats, reports, integrations + Monitor (fits Fleet $299)",https://safer.fmcsa.dot.gov/query.asp?searchtype=ANY&query_type=queryCarrierSnapshot&query_param=USDOT&query_string=4015
Growth,Medium,DANIELSKI FARMS INC,DANIELSKI FARMS INC,4053,33,39,THOMAS DANIELSKI,4023763039,gfowler@danielskifarms.com,CROOKSTON,NE,69212-0038,29289  269TH AVENUE,C,No,PRIVATE PROPERTY;AUTHORIZED FOR HIRE;EXEMPT FOR HIRE,65,$199/mo Growth,Offer DOT Record Monitor $29/mo,"CSA areas, reports, multi-user — growing fleet (fits Growth $199)",https://safer.fmcsa.dot.gov/query.asp?searchtype=ANY&query_type=queryCarrierSnapshot&query_param=USDOT&query_string=4053
Growth,High,H S WILLIAMS COMPANY INC,H S WILLIAMS COMPANY INC,4186,18,7,CHRIS ALEXANDER,2767833185,chrisa@hswilliams.com,MARION,VA,24354,1320 HIGHWAY 16,S,No,PRIVATE PROPERTY;AUTHORIZED FOR HIRE,60,$199/mo Growth,Offer DOT Record Monitor $29/mo,"CSA areas, reports, multi-user — growing fleet (fits Growth $199)",https://safer.fmcsa.dot.gov/query.asp?searchtype=ANY&query_type=queryCarrierSnapshot&query_param=USDOT&query_string=4186
Growth,High,PAUL SWENGLISH TRUCKING,PAUL SWENGLISH TRUCKING,4202,14,6,PAUL SWENGLISH,7244385703,chadswenglish@gmail.com,UNIONTOWN,PA,15401,211 HADDENVILLE RD,S,No,PRIVATE PROPERTY;AUTHORIZED FOR HIRE,85,$199/mo Growth,Offer DOT Record Monitor $29/mo,"CSA areas, reports, multi-user — growing fleet (fits Growth $199)",https://safer.fmcsa.dot.gov/query.asp?searchtype=ANY&query_type=queryCarrierSnapshot&query_param=USDOT&query_string=4202
Growth,Medium,WEST VIRGINIA PAVING INC,WEST VIRGINIA PAVING INC,4286,46,96,ROGER LEE KELLY JR,3047689733,rkelly@wvpaving.com,DUNBAR,WV,25064,2950 CHARLES AVE,None listed,No,EXEMPT FOR HIRE,45,$199/mo Growth,Offer DOT Record Monitor $29/mo,"CSA areas, reports, multi-user — growing fleet (fits Growth $199)",https://safer.fmcsa.dot.gov/query.asp?searchtype=ANY&query_type=queryCarrierSnapshot&query_param=USDOT&query_string=4286
Starter,Medium,BISOM TRUCK LINE INC,BISOM TRUCK LINE INC,4478,6,6,MIKE UDELHOVEN,6417922850,bisomtruckline@gmail.com,NEWTON,IA,50208,725 1ST ST N,S,No,AUTHORIZED FOR HIRE,120,$99/mo Starter,Mention Monitor after trial activation,Expiration tracking + document vault for small fleet (fits Starter $99),https://safer.fmcsa.dot.gov/query.asp?searchtype=ANY&query_type=queryCarrierSnapshot&query_param=USDOT&query_string=4478
Growth,Medium,B & W WRECKER SERVICE,DWAINE LEE LLC,4485,20,16,DUSTIN  CULLISON,2083422541,dwaine@bwwrecker.com,BOISE,ID,83705,20 S GARDEN,S,No,AUTHORIZED FOR HIRE,95,$199/mo Growth,Offer DOT Record Monitor $29/mo,"CSA areas, reports, multi-user — growing fleet (fits Growth $199)",https://safer.fmcsa.dot.gov/query.asp?searchtype=ANY&query_type=queryCarrierSnapshot&query_param=USDOT&query_string=4485
Growth,Medium,MONTANA BRAND PRODUCE COMPANY INC,MONTANA BRAND PRODUCE COMPANY INC,4546,33,33,MEARA  LYNN,8015322573,drakoschris@aol.com,SALT LAKE CITY,UT,84116-1212,1483 BECK STREET,S,No,AUTHORIZED FOR HIRE,95,$199/mo Growth,Offer DOT Record Monitor $29/mo,"CSA areas, reports, multi-user — growing fleet (fits Growth $199)",https://safer.fmcsa.dot.gov/query.asp?searchtype=ANY&query_type=queryCarrierSnapshot&query_param=USDOT&query_string=4546
Growth,Medium,BROKEN ARROW INCORPORATED,BROKEN ARROW INCORPORATED,4618,20,15,STEPHEN G BUNN,4358823942,safety@brokenarrowusa.com,LAKE POINT,UT,84074,8960 CLINTON LANDING RD,S,No,PRIVATE PROPERTY;AUTHORIZED FOR HIRE,65,$199/mo Growth,Offer DOT Record Monitor $29/mo,"CSA areas, reports, multi-user — growing fleet (fits Growth $199)",https://safer.fmcsa.dot.gov/query.asp?searchtype=ANY&query_type=queryCarrierSnapshot&query_param=USDOT&query_string=4618
Starter,High,MIKE DEMIRJIAN TRUCKING SERVICE INC,MIKE DEMIRJIAN TRUCKING SERVICE INC,4655,10,3,LEON TIRAPELLE,5592377178,dlt5408@gmail.com,FRESNO,CA,93725,5408 E JENSEN AVE,None listed,No,AUTHORIZED FOR HIRE,115,$99/mo Starter,Mention Monitor after trial activation,Expiration tracking + document vault for small fleet (fits Starter $99),https://safer.fmcsa.dot.gov/query.asp?searchtype=ANY&query_type=queryCarrierSnapshot&query_param=USDOT&query_string=4655
Fleet,High,MOPAC,JBS SOUDERTON INC,5027,59,40,LESLIE  PELTONEN,2157036404,leslie.peltonen@jbssa.com,SOUDERTON,PA,18964,741 SOUDER ROAD,S,No,PRIVATE PROPERTY;AUTHORIZED FOR HIRE,95,$299/mo Fleet,Offer DOT Record Monitor $29/mo,"Unlimited seats, reports, integrations + Monitor (fits Fleet $299)",https://safer.fmcsa.dot.gov/query.asp?searchtype=ANY&query_type=queryCarrierSnapshot&query_param=USDOT&query_string=5027
Fleet,High,MOYER INDOOR OUTDOOR,MOYER & SON INC,5028,63,67,DAVID MOYER,2157236000,acct@emoyer.com,SOUDERTON,PA,18964,113 E RELIANCE RD,S,Yes,PRIVATE PROPERTY;AUTHORIZED FOR HIRE,95,$299/mo Fleet,Offer DOT Record Monitor $29/mo,"Unlimited seats, reports, integrations + Monitor (fits Fleet $299)",https://safer.fmcsa.dot.gov/query.asp?searchtype=ANY&query_type=queryCarrierSnapshot&query_param=USDOT&query_string=5028
Starter,High,MORGAN CORPORATION,MORGAN TRUCK BODY LLC,5033,6,14,TOM DIEZ,6102865025,,MORGANTOWN,PA,19543-0588,111 MORGAN WAY,None listed,No,PRIVATE PROPERTY;AUTHORIZED FOR HIRE,110,$99/mo Starter,Mention Monitor after trial activation,Expiration tracking + document vault for small fleet (fits Starter $99),https://safer.fmcsa.dot.gov/query.asp?searchtype=ANY&query_type=queryCarrierSnapshot&query_param=USDOT&query_string=5033
Fleet,High,PETERS BROTHERS INC,PETERS BROTHERS INC,5095,83,83,BRADLEY  WANNER,6105622275,troy@peterstrucking.net,LENHARTSVILLE,PA,19534,37 PENN STREET,S,No,AUTHORIZED FOR HIRE,95,$299/mo Fleet,Offer DOT Record Monitor $29/mo,"Unlimited seats, reports, integrations + Monitor (fits Fleet $299)",https://safer.fmcsa.dot.gov/query.asp?searchtype=ANY&query_type=queryCarrierSnapshot&query_param=USDOT&query_string=5095
Starter,High,HATFIELD QUALITY MEATS INC,HATFIELD QUALITY MEATS INC,5360,5,3,CRAIG EDSILL,2153682500,ebrozyno@pvtransco.com,HATFIELD,PA,19440,2700 CLEMENS ROAD,C,No,AUTHORIZED FOR HIRE,65,$99/mo Starter,Mention Monitor after trial activation,Expiration tracking + document vault for small fleet (fits Starter $99),https://safer.fmcsa.dot.gov/query.asp?searchtype=ANY&query_type=queryCarrierSnapshot&query_param=USDOT&query_string=5360
Fleet,High,FEESERS FOOD DISTRIBUTORS,FEESERS INC,5508,73,60,LESTER S. MILLER JR.,7175644636,swilbert@feesers.com,HARRISBURG,PA,17111,5561 GRAYSON ROAD,None listed,Yes,PRIVATE PROPERTY;AUTHORIZED FOR HIRE,95,$299/mo Fleet,Offer DOT Record Monitor $29/mo,"Unlimited seats, reports, integrations + Monitor (fits Fleet $299)",https://safer.fmcsa.dot.gov/query.asp?searchtype=ANY&query_type=queryCarrierSnapshot&query_param=USDOT&query_string=5508
Growth,High,T C DAUBERT LLC,T C DAUBERT LLC,5549,40,43,MARK H DAUBERT,7172484091,caty@dauberts.com,YEAGERTOWN,PA,17099,35 RESERVE LANE,S,No,AUTHORIZED FOR HIRE,65,$199/mo Growth,Offer DOT Record Monitor $29/mo,"CSA areas, reports, multi-user — growing fleet (fits Growth $199)",https://safer.fmcsa.dot.gov/query.asp?searchtype=ANY&query_type=queryCarrierSnapshot&query_param=USDOT&query_string=5549
Growth,High,E & F TRUCKING INC,E & F TRUCKING INC,5572,16,17,DENNIS WEAVER,7173364948,eftruck@ptd.net,DENVER,PA,17517,1885 N READING ROAD,S,No,AUTHORIZED FOR HIRE,120,$199/mo Growth,Offer DOT Record Monitor $29/mo,"CSA areas, reports, multi-user — growing fleet (fits Growth $199)",https://safer.fmcsa.dot.gov/query.asp?searchtype=ANY&query_type=queryCarrierSnapshot&query_param=USDOT&query_string=5572
Growth,High,EMPIRE KOSHER POULTRY INC,EMPIRE KOSHER POULTRY INC,5583,22,21,JEFFREY  BROWN,7174367051,jackie.french@tabletrustbrands.com,MIFFLINTOWN,PA,17059,247 EMPIRE DRIVE,S,No,PRIVATE PROPERTY;AUTHORIZED FOR HIRE,95,$199/mo Growth,Offer DOT Record Monitor $29/mo,"CSA areas, reports, multi-user — growing fleet (fits Growth $199)",https://safer.fmcsa.dot.gov/query.asp?searchtype=ANY&query_type=queryCarrierSnapshot&query_param=USDOT&query_string=5583
Growth,High,BEAVERTOWN TRANSPORT INC,BEAVERTOWN TRANSPORT INC,5612,15,7,ROBERT CAMMARATA,5708371744,MMCSHEA@STABILIZEDEARTH.com,MIDDLEBURG,PA,17842,3612 PAXTONVILLE ROAD,S,No,PRIVATE PROPERTY;AUTHORIZED FOR HIRE,85,$199/mo Growth,Offer DOT Record Monitor $29/mo,"CSA areas, reports, multi-user — growing fleet (fits Growth $199)",https://safer.fmcsa.dot.gov/query.asp?searchtype=ANY&query_type=queryCarrierSnapshot&query_param=USDOT&query_string=5612
Growth,High,CLOUSE TRUCKING INC,CLOUSE TRUCKING INC,5706,46,41,HEATHER  CLOUSE,7172492418,clousetrucking@comcast.net,CARLISLE,PA,17015-9303,2075 RITNER HWY,S,No,AUTHORIZED FOR HIRE,90,$199/mo Growth,Offer DOT Record Monitor $29/mo,"CSA areas, reports, multi-user — growing fleet (fits Growth $199)",https://safer.fmcsa.dot.gov/query.asp?searchtype=ANY&query_type=queryCarrierSnapshot&query_param=USDOT&query_string=5706
Growth,High,CROWE TRANSPORTATION,CHARLES E CROWE & SON INC,5723,30,29,CINDI CROWE,7175729876,cindi@CROWETRANSPORTATION.COM,ELIZABETHTOWN,PA,17022,2388 N MARKET ST,S,No,AUTHORIZED FOR HIRE,120,$199/mo Growth,Offer DOT Record Monitor $29/mo,"CSA areas, reports, multi-user — growing fleet (fits Growth $199)",https://safer.fmcsa.dot.gov/query.asp?searchtype=ANY&query_type=queryCarrierSnapshot&query_param=USDOT&query_string=5723
Starter,High,HIGH STEEL STRUCTURES LLC,HIGH STEEL STRUCTURES LLC,5825,5,17,JOHN  O'QUINN,7173904206,joquinn@high.net,LANCASTER,PA,17605-0008,1853 WILLIAM PENN WAY,None listed,Yes,PRIVATE PROPERTY;AUTHORIZED FOR HIRE,65,$99/mo Starter,Mention Monitor after trial activation,Expiration tracking + document vault for small fleet (fits Starter $99),https://safer.fmcsa.dot.gov/query.asp?searchtype=ANY&query_type=queryCarrierSnapshot&query_param=USDOT&query_string=5825
Fleet,High,THE GIANT COMPANY LLC,THE GIANT COMPANY LLC,5874,225,367,JOHN RUANE,7172405593,DON.SAMPLE@giantmartins.com,CARLISLE,PA,17013-1665,1604 INDUSTRIAL DR,S,No,PRIVATE PROPERTY;AUTHORIZED FOR HIRE,95,$299/mo Fleet,Offer DOT Record Monitor $29/mo,"Unlimited seats, reports, integrations + Monitor (fits Fleet $299)",https://safer.fmcsa.dot.gov/query.asp?searchtype=ANY&query_type=queryCarrierSnapshot&query_param=USDOT&query_string=5874
Fleet,High,ROYAL COACH LINES INC,ROYAL COACH LINES INC,5920,310,340,RALPH COLABELLO JR.,9149650733,bsilva@royalcoachlines.com,YONKERS,NY,10703,1010 NEPPERHAN AVENUE,S,No,AUTHORIZED FOR HIRE;OTHER-SCHOOL BUS,65,$299/mo Fleet,Offer DOT Record Monitor $29/mo,"Unlimited seats, reports, integrations + Monitor (fits Fleet $299)",https://safer.fmcsa.dot.gov/query.asp?searchtype=ANY&query_type=queryCarrierSnapshot&query_param=USDOT&query_string=5920
Starter,High,RUSSIN,RUSSIN LUMBER CORP,6016,9,10,ADAM RUSSIN,8454574000,BDICKSON@RUSsinlumber.com,MONTGOMERY,NY,12549,21 LEONARDS DRIVE,S,No,PRIVATE PROPERTY;AUTHORIZED FOR HIRE,65,$99/mo Starter,Mention Monitor after trial activation,Expiration tracking + document vault for small fleet (fits Starter $99),https://safer.fmcsa.dot.gov/query.asp?searchtype=ANY&query_type=queryCarrierSnapshot&query_param=USDOT&query_string=6016
Starter,High,U SANTINI INC,U SANTINI INC,6038,7,5,DAN MENCHINI,7187686778,dmenchini@usantini.com,BROOKLYN,NY,11215,239 15 ST,S,No,AUTHORIZED FOR HIRE,65,$99/mo Starter,Mention Monitor after trial activation,Expiration tracking + document vault for small fleet (fits Starter $99),https://safer.fmcsa.dot.gov/query.asp?searchtype=ANY&query_type=queryCarrierSnapshot&query_param=USDOT&query_string=6038
Growth,High,A SANTINI MOVING & STORAGE CO,A SANTINI STORAGE CO OF NJ INC,6045,16,6,CHARLES SANDS,9732287211,www.santinimoving.com,DAYTON,NJ,08810,280 HELLER PARK COURT,S,Yes,AUTHORIZED FOR HIRE,90,$199/mo Growth,Offer DOT Record Monitor $29/mo,"CSA areas, reports, multi-user — growing fleet (fits Growth $199)",https://safer.fmcsa.dot.gov/query.asp?searchtype=ANY&query_type=queryCarrierSnapshot&query_param=USDOT&query_string=6045
Growth,High,LEPRECHAUN LINES INC,LEPRECHAUN LINES INC,6379,24,24,EDWARD GALLAGHER,8455657900,EGALLAGHER@LEPRECHAUNLINES.COM,NEW WINDSOR,NY,12553,200 LEPRECHAUN LANE,S,No,AUTHORIZED FOR HIRE,65,$199/mo Growth,Offer DOT Record Monitor $29/mo,"CSA areas, reports, multi-user — growing fleet (fits Growth $199)",https://safer.fmcsa.dot.gov/query.asp?searchtype=ANY&query_type=queryCarrierSnapshot&query_param=USDOT&query_string=6379
Starter,High,PACKAGE PAVEMENT,PACKAGE PAVEMENT CO INC,6434,6,8,DARREN DOHERTY,8452212224,nrifino@packagepavement.com,STORMVILLE,NY,12582,3530 ROUTE 52,S,No,PRIVATE PROPERTY;AUTHORIZED FOR HIRE,65,$99/mo Starter,Mention Monitor after trial activation,Expiration tracking + document vault for small fleet (fits Starter $99),https://safer.fmcsa.dot.gov/query.asp?searchtype=ANY&query_type=queryCarrierSnapshot&query_param=USDOT&query_string=6434
Starter,High,GLOBE STORAGE & MOVING CO INC,GLOBE STORAGE & MOVING CO INC,6451,8,8,RICHARD CIBRANO,2129253555,THALL@globemoving.com,NEW YORK,NY,10012-2439,665 BROADWAY-SUITE 301,S,No,AUTHORIZED FOR HIRE,95,$99/mo Starter,Mention Monitor after trial activation,Expiration tracking + document vault for small fleet (fits Starter $99),https://safer.fmcsa.dot.gov/query.asp?searchtype=ANY&query_type=queryCarrierSnapshot&query_param=USDOT&query_string=6451
Starter,Medium,DENNIS STORAGE CO INC,DENNIS STORAGE CO INC,6698,10,4,WILLIAM E. MENGASON,4107421171,BMENGASON@DENNISSTORAGE.COM,SALISBURY,MD,21804-3740,604 W RAILROAD AVE,None listed,No,AUTHORIZED FOR HIRE,90,$99/mo Starter,Mention Monitor after trial activation,Expiration tracking + document vault for small fleet (fits Starter $99),https://safer.fmcsa.dot.gov/query.asp?searchtype=ANY&query_type=queryCarrierSnapshot&query_param=USDOT&query_string=6698
Growth,Medium,CONTRACTUAL CARRIERS INC,CONTRACTUAL CARRIERS INC,6700,14,10,KAREN  THOMPSON,3024531420,kschneider@contractualcarriers.com,NEWARK,DE,19711-8098,104 ALAN DRIVE HARMONY INDUSTRIAL PARK,S,No,AUTHORIZED FOR HIRE,120,$199/mo Growth,Offer DOT Record Monitor $29/mo,"CSA areas, reports, multi-user — growing fleet (fits Growth $199)",https://safer.fmcsa.dot.gov/query.asp?searchtype=ANY&query_type=queryCarrierSnapshot&query_param=USDOT&query_string=6700
Fleet,High,GARDA CL ATLANTIC INC,GARDA CL ATLANTIC INC,6731,340,588,PAOLA  MARACHLY,5619397000,paola.marachly@garda.com,BOCA RATON,FL,33431,2000 NW CORPORATE BLVD,S,No,AUTHORIZED FOR HIRE,65,$299/mo Fleet,Offer DOT Record Monitor $29/mo,"Unlimited seats, reports, integrations + Monitor (fits Fleet $299)",https://safer.fmcsa.dot.gov/query.asp?searchtype=ANY&query_type=queryCarrierSnapshot&query_param=USDOT&query_string=6731
Growth,Medium,SPECIFIED COMMODITY CARRIERS INC,SPECIFIED COMMODITY CARRIERS INC,6862,12,11,DALE L SHIPLEY,4108403222,stephani@scctrucking.com,WESTMINSTER,MD,21158,1327 BAUGHER ROAD,S,No,AUTHORIZED FOR HIRE,120,$199/mo Growth,Offer DOT Record Monitor $29/mo,"CSA areas, reports, multi-user — growing fleet (fits Growth $199)",https://safer.fmcsa.dot.gov/query.asp?searchtype=ANY&query_type=queryCarrierSnapshot&query_param=USDOT&query_string=6862
Growth,Medium,JOHN W RITTER TRUCKING INC,JOHN W RITTER TRUCKING INC,6903,38,107,DAMON  CUZICK,4805822760,euny.warren@evotransinc.com,CAPITAL HEIGHTS,MD,20743,8607 CENTRAL AVE,S,No,AUTHORIZED FOR HIRE,120,$199/mo Growth,Offer DOT Record Monitor $29/mo,"CSA areas, reports, multi-user — growing fleet (fits Growth $199)",https://safer.fmcsa.dot.gov/query.asp?searchtype=ANY&query_type=queryCarrierSnapshot&query_param=USDOT&query_string=6903
Growth,Medium,RUKERT TERMINALS CORPORATION,RUKERT TERMINALS CORPORATION,6922,38,28,SHAUN RUKERT,4105224599,SCOTT@RUKERT.COM,BALTIMORE,MD,21224,2021 SOUTH CLINTON STREET,S,No,PRIVATE PROPERTY;AUTHORIZED FOR HIRE,95,$199/mo Growth,Offer DOT Record Monitor $29/mo,"CSA areas, reports, multi-user — growing fleet (fits Growth $199)",https://safer.fmcsa.dot.gov/query.asp?searchtype=ANY&query_type=queryCarrierSnapshot&query_param=USDOT&query_string=6922
Growth,Medium,THE HARVEY SALT COMPANY,THE HARVEY SALT COMPANY,6931,15,9,RYAN  HAAS,4103919100,cbates@claritysalt.com,BALTIMORE,MD,21220,1325 MOHRS LN,S,No,AUTHORIZED FOR HIRE,95,$199/mo Growth,Offer DOT Record Monitor $29/mo,"CSA areas, reports, multi-user — growing fleet (fits Growth $199)",https://safer.fmcsa.dot.gov/query.asp?searchtype=ANY&query_type=queryCarrierSnapshot&query_param=USDOT&query_string=6931
Fleet,Medium,WHITCRAFT SERVICES INC,WHITCRAFT SERVICES INC,7020,58,73,RONALD M. PRETTYMAN,4103432565,RPRETTYMAN@COMCAST.NET,PARKTON,MD,21120-9139,20756 OLD YORK RD,S,No,AUTHORIZED FOR HIRE,65,$299/mo Fleet,Offer DOT Record Monitor $29/mo,"Unlimited seats, reports, integrations + Monitor (fits Fleet $299)",https://safer.fmcsa.dot.gov/query.asp?searchtype=ANY&query_type=queryCarrierSnapshot&query_param=USDOT&query_string=7020
Growth,Medium,HARDING METALS INC,HARDING METALS INC,7183,31,27,EDWIN HARDING III,6039425573,KEVIN@HARDINGMETALS.COM,NORTHWOOD,NH,03261-9738,42 HARDING DRIVE,S,Yes,PRIVATE PROPERTY;AUTHORIZED FOR HIRE,95,$199/mo Growth,Offer DOT Record Monitor $29/mo,"CSA areas, reports, multi-user — growing fleet (fits Growth $199)",https://safer.fmcsa.dot.gov/query.asp?searchtype=ANY&query_type=queryCarrierSnapshot&query_param=USDOT&query_string=7183
Fleet,Medium,GOFFSTOWN TRUCK CENTER INC,STUDENT TRANSPORTATION OF NEW HAMPSHIRE INC,7286,592,608,GREGG STINSON,6034973111,mbroerman@ridesta.com,GOFFSTOWN,NH,03045,62 EAST UNION STREET,S,No,"PRIVATE PASSENGER, BUSINESS;AUTHORIZED FOR HIRE;EXEMPT FOR HIRE",50,$299/mo Fleet,Offer DOT Record Monitor $29/mo,"Unlimited seats, reports, integrations + Monitor (fits Fleet $299)",https://safer.fmcsa.dot.gov/query.asp?searchtype=ANY&query_type=queryCarrierSnapshot&query_param=USDOT&query_string=7286
Growth,Medium,ALLIANCE MATERIAL HANDLING INC,ALLIANCE MATERIAL HANDLING INC,7528,21,19,TOM ALBERO/GEORGE WHELAN,3014972622,cynthiaseasholtz@alliancemat.com,JESSUP,MD,20794,8320 SHERWICK CT,S,Yes,PRIVATE PROPERTY;AUTHORIZED FOR HIRE,95,$199/mo Growth,Offer DOT Record Monitor $29/mo,"CSA areas, reports, multi-user — growing fleet (fits Growth $199)",https://safer.fmcsa.dot.gov/query.asp?searchtype=ANY&query_type=queryCarrierSnapshot&query_param=USDOT&query_string=7528
Growth,High,PAXTON VAN LINES INC,PAXTON VAN LINES INC,7543,20,8,BILL PAXTON,7033217600,bill@paxton.com,SPRINGFIELD,VA,22151,5300 PORT ROYAL RD,S,No,AUTHORIZED FOR HIRE,90,$199/mo Growth,Offer DOT Record Monitor $29/mo,"CSA areas, reports, multi-user — growing fleet (fits Growth $199)",https://safer.fmcsa.dot.gov/query.asp?searchtype=ANY&query_type=queryCarrierSnapshot&query_param=USDOT&query_string=7543
Growth,Medium,PENCO CORPORATION,PENCO CORPORATION,7598,19,15,JEFFREY  T PETERSON,3026297911,ewillis@pencocorp.com,SEAFORD,DE,19973-1198,1503 W STEIN HWY,S,No,PRIVATE PROPERTY;AUTHORIZED FOR HIRE,65,$199/mo Growth,Offer DOT Record Monitor $29/mo,"CSA areas, reports, multi-user — growing fleet (fits Growth $199)",https://safer.fmcsa.dot.gov/query.asp?searchtype=ANY&query_type=queryCarrierSnapshot&query_param=USDOT&query_string=7598
Starter,Medium,TIDEWATER DIRECT LLC,TIDEWATER DIRECT LLC,7735,5,4,GEOFFREY EISENBERG,4107581500,amackenzie@tidewaterdirect.com,CENTREVILLE,MD,21617,300 TIDEWATER DRIVE,S,No,PRIVATE PROPERTY;AUTHORIZED FOR HIRE,95,$99/mo Starter,Mention Monitor after trial activation,Expiration tracking + document vault for small fleet (fits Starter $99),https://safer.fmcsa.dot.gov/query.asp?searchtype=ANY&query_type=queryCarrierSnapshot&query_param=USDOT&query_string=7735
Fleet,Medium,PEPUP,TRI-GAS & OIL COMPANY INC,7750,162,205,L.  NASH MCMAHAN,4107548184,jdean@trigas-oil.com,FEDERALSBURG,MD,21632,3941 FEDERALSBURG HIGHWAY,S,Yes,PRIVATE PROPERTY;AUTHORIZED FOR HIRE,95,$299/mo Fleet,Offer DOT Record Monitor $29/mo,"Unlimited seats, reports, integrations + Monitor (fits Fleet $299)",https://safer.fmcsa.dot.gov/query.asp?searchtype=ANY&query_type=queryCarrierSnapshot&query_param=USDOT&query_string=7750
Growth,High,TURNER HOLDINGS LLC,TURNER HOLDINGS LLC,8025,39,35,DAVID WARMATH,9012725243,JGILDEA@prairiefarms.com,MEMPHIS,TN,38104,2040 MADISON,S,No,PRIVATE PROPERTY;AUTHORIZED FOR HIRE,65,$199/mo Growth,Offer DOT Record Monitor $29/mo,"CSA areas, reports, multi-user — growing fleet (fits Growth $199)",https://safer.fmcsa.dot.gov/query.asp?searchtype=ANY&query_type=queryCarrierSnapshot&query_param=USDOT&query_string=8025
Growth,High,SCOTT STREET TOMATO HOUSE INC,SCOTT STREET TOMATO HOUSE INC,8134,12,6,MICHAEL  JONES,9014541151,info@scottstreettomato.com,MEMPHIS,TN,38112-2217,2651 FAXON AVENUE,S,No,PRIVATE PROPERTY;AUTHORIZED FOR HIRE,65,$199/mo Growth,Offer DOT Record Monitor $29/mo,"CSA areas, reports, multi-user — growing fleet (fits Growth $199)",https://safer.fmcsa.dot.gov/query.asp?searchtype=ANY&query_type=queryCarrierSnapshot&query_param=USDOT&query_string=8134
Growth,High,HANSEN BROS MOVING & STORAGE,HANSEN BROS TRANSFER & STORAGE CO INC,8257,46,42,LARRY A NELSEN,2063654454,dcullen@hansenbros.com,SEATTLE,WA,98133-8883,10750 AURORA AVE N,S,No,PRIVATE PROPERTY;AUTHORIZED FOR HIRE,95,$199/mo Growth,Offer DOT Record Monitor $29/mo,"CSA areas, reports, multi-user — growing fleet (fits Growth $199)",https://safer.fmcsa.dot.gov/query.asp?searchtype=ANY&query_type=queryCarrierSnapshot&query_param=USDOT&query_string=8257
Growth,High,HARMS PACIFIC TRANSPORT INC,HARMS PACIFIC TRANSPORT INC,8259,39,29,CHAD  MESSERLY,5095470011,chad@harmspacific.com,PASCO,WA,99301,3220 N GLADE RD,S,Yes,AUTHORIZED FOR HIRE,90,$199/mo Growth,Offer DOT Record Monitor $29/mo,"CSA areas, reports, multi-user — growing fleet (fits Growth $199)",https://safer.fmcsa.dot.gov/query.asp?searchtype=ANY&query_type=queryCarrierSnapshot&query_param=USDOT&query_string=8259
Fleet,High,HOGLAND TRANSFER CO,HOGLAND TRANSFER CO,8264,67,50,IGOR  PERSKY,4254071011,igorp@hoglands.com,EVERETT,WA,98203,6605 HARDESON RD,S,Yes,AUTHORIZED FOR HIRE,95,$299/mo Fleet,Offer DOT Record Monitor $29/mo,"Unlimited seats, reports, integrations + Monitor (fits Fleet $299)",https://safer.fmcsa.dot.gov/query.asp?searchtype=ANY&query_type=queryCarrierSnapshot&query_param=USDOT&query_string=8264
Starter,High,JOHNSON'S TOWING INC,JOHNSON'S TOWING INC,8277,7,6,DUANE ELDRIDGE,3607334232,douge@bgttowing.com,BELLINGHAM,WA,98226,4058 BAKERVIEW VALLEY RD,S,Yes,OTHER-UNKNOWN;AUTHORIZED FOR HIRE,95,$99/mo Starter,Mention Monitor after trial activation,Expiration tracking + document vault for small fleet (fits Starter $99),https://safer.fmcsa.dot.gov/query.asp?searchtype=ANY&query_type=queryCarrierSnapshot&query_param=USDOT&query_string=8277
Growth,High,M C DELIVERY,M C PARCEL DELIVERY INC,8298,23,13,ANDREW J LAYCOCK,2532721800,slaycock-webb@MCDELIVERY.COM,TACOMA,WA,98405,1410 MARTIN LUTHER KING JR WAY,S,No,AUTHORIZED FOR HIRE,95,$199/mo Growth,Offer DOT Record Monitor $29/mo,"CSA areas, reports, multi-user — growing fleet (fits Growth $199)",https://safer.fmcsa.dot.gov/query.asp?searchtype=ANY&query_type=queryCarrierSnapshot&query_param=USDOT&query_string=8298
Fleet,High,OAK HARBOR FREIGHT LINES INC,OAK HARBOR FREIGHT LINES INC,8314,947,1120,DAN  VANDER POL,2062462600,tom.sanchez@oakh.com,AUBURN,WA,98001,1339 WEST VALLEY HWY NORTH,S,Yes,AUTHORIZED FOR HIRE,120,$299/mo Fleet,Offer DOT Record Monitor $29/mo,"Unlimited seats, reports, integrations + Monitor (fits Fleet $299)",https://safer.fmcsa.dot.gov/query.asp?searchtype=ANY&query_type=queryCarrierSnapshot&query_param=USDOT&query_string=8314
Starter,High,ORCAS ISLAND FREIGHT LINES INC,ORCAS ISLAND FREIGHT LINES INC,8318,10,5,MADELINE A SHEPLOR,3603762303,msheplor@orcasfreight.com,EASTSOUND,WA,98245,34B WEST BEACH ROAD,None listed,No,AUTHORIZED FOR HIRE,120,$99/mo Starter,Mention Monitor after trial activation,Expiration tracking + document vault for small fleet (fits Starter $99),https://safer.fmcsa.dot.gov/query.asp?searchtype=ANY&query_type=queryCarrierSnapshot&query_param=USDOT&query_string=8318
Fleet,High,PENINSULA TRUCK LINES INC,PENINSULA TRUCK LINES INC,8329,349,325,SCOTT  MANTHEY,2539292000,scottm@peninsulatruck.com,FEDERAL WAY,WA,98003-6335,33455 6TH AVE S,S,Yes,AUTHORIZED FOR HIRE,120,$299/mo Fleet,Offer DOT Record Monitor $29/mo,"Unlimited seats, reports, integrations + Monitor (fits Fleet $299)",https://safer.fmcsa.dot.gov/query.asp?searchtype=ANY&query_type=queryCarrierSnapshot&query_param=USDOT&query_string=8329
Starter,High,PETERSEN NORTHWEST CORPORATION,PETERSEN NORTHWEST CORPORATION,8331,6,6,CATHY NARVERUD,2068788400,CATHY@PETERSENNW.COM,DES MOINES,WA,98198,21841 PACIFIC HWY SO,S,Yes,AUTHORIZED FOR HIRE,65,$99/mo Starter,Mention Monitor after trial activation,Expiration tracking + document vault for small fleet (fits Starter $99),https://safer.fmcsa.dot.gov/query.asp?searchtype=ANY&query_type=queryCarrierSnapshot&query_param=USDOT&query_string=8331
Growth,High,POZZI BROTHERS TRANSP INC,POZZI BROTHERS TRANSP INC,8334,41,40,MATTHEW  S POZZI,2538723590,pozzibrothers@gmail.com,KENT,WA,98032,21441 76TH AVE S,S,Yes,AUTHORIZED FOR HIRE,95,$199/mo Growth,Offer DOT Record Monitor $29/mo,"CSA areas, reports, multi-user — growing fleet (fits Growth $199)",https://safer.fmcsa.dot.gov/query.asp?searchtype=ANY&query_type=queryCarrierSnapshot&query_param=USDOT&query_string=8334
Fleet,High,SADLER BROS TRUCKING & LEASING CO INC,SADLER BROS TRUCKING & LEASING CO INC,8350,93,165,CHRISTOPHER B SADLER,6152564911,CHRIS@sadlerbrothers.com,NASHVILLE,TN,37210-4302,436 ENOS REED DR,S,No,AUTHORIZED FOR HIRE;U. S. MAIL,120,$299/mo Fleet,Offer DOT Record Monitor $29/mo,"Unlimited seats, reports, integrations + Monitor (fits Fleet $299)",https://safer.fmcsa.dot.gov/query.asp?searchtype=ANY&query_type=queryCarrierSnapshot&query_param=USDOT&query_string=8350
Fleet,High,SISKIN STEEL & SUPPLY CO INC,SISKIN STEEL & SUPPLY CO INC,8389,69,71,LINK HAMMOND,4237563671,www.siskin.com,CHATTANOOGA,TN,37408-1037,1901 RIVERFRONT PARKWAY,S,No,PRIVATE PROPERTY;AUTHORIZED FOR HIRE,65,$299/mo Fleet,Offer DOT Record Monitor $29/mo,"Unlimited seats, reports, integrations + Monitor (fits Fleet $299)",https://safer.fmcsa.dot.gov/query.asp?searchtype=ANY&query_type=queryCarrierSnapshot&query_param=USDOT&query_string=8389
Growth,High,DONIO TRUCKING COMPANY,DONIO TRUCKING COMPANY,8557,12,10,PAT ALOISIO,6095612466,pat@donio.com,HAMMONTON,NJ,08037,692 N EGG HARBOR ROAD PO BX 529,S,No,EXEMPT FOR HIRE,40,$199/mo Growth,Offer DOT Record Monitor $29/mo,"CSA areas, reports, multi-user — growing fleet (fits Growth $199)",https://safer.fmcsa.dot.gov/query.asp?searchtype=ANY&query_type=queryCarrierSnapshot&query_param=USDOT&query_string=8557
Growth,High,ROY L HOUCK CONSTRUCTION CO,ROY L HOUCK CONSTRUCTION CO,8604,15,4,ROY L HOUCK III,5034637177,,SALEM,OR,97301,4444 22ND AVE NE,S,No,PRIVATE PROPERTY;AUTHORIZED FOR HIRE,80,$199/mo Growth,Offer DOT Record Monitor $29/mo,"CSA areas, reports, multi-user — growing fleet (fits Growth $199)",https://safer.fmcsa.dot.gov/query.asp?searchtype=ANY&query_type=queryCarrierSnapshot&query_param=USDOT&query_string=8604
Fleet,Medium,STOP AND SHOP SUPERMARKET,THE STOP AND SHOP SUPERMARKET COMPANY,8653,204,743,Donal  Curtin,5089775125,donal.curtin@stopandshop.com,ASSONET,MA,02702-1647,136 S MAIN ST,S,No,PRIVATE PROPERTY;AUTHORIZED FOR HIRE,65,$299/mo Fleet,Offer DOT Record Monitor $29/mo,"Unlimited seats, reports, integrations + Monitor (fits Fleet $299)",https://safer.fmcsa.dot.gov/query.asp?searchtype=ANY&query_type=queryCarrierSnapshot&query_param=USDOT&query_string=8653
Growth,Medium,ROLANE TRANSPORTATION INC,ROLANE TRANSPORTATION INC,8692,27,23,NEAL SPIEGEL,5085883888,ruth@rolanetransportation.com,BROCKTON,MA,02301,85 LIBERTY STREET,None listed,No,AUTHORIZED FOR HIRE,120,$199/mo Growth,Offer DOT Record Monitor $29/mo,"CSA areas, reports, multi-user — growing fleet (fits Growth $199)",https://safer.fmcsa.dot.gov/query.asp?searchtype=ANY&query_type=queryCarrierSnapshot&query_param=USDOT&query_string=8692
Growth,Medium,CATANIA OILS,CATANIA SPAGNA CORPORATION,8790,15,12,MICHAEL BASILE,9783918312,mbasile@cataniaoils.com,AYER,MA,01432,90 NEMCO WAY,S,No,PRIVATE PROPERTY;AUTHORIZED FOR HIRE,65,$199/mo Growth,Offer DOT Record Monitor $29/mo,"CSA areas, reports, multi-user — growing fleet (fits Growth $199)",https://safer.fmcsa.dot.gov/query.asp?searchtype=ANY&query_type=queryCarrierSnapshot&query_param=USDOT&query_string=8790
Growth,High,TRANS-BRIDGE LINES INC,TRANS-BRIDGE LINES INC,9100,38,63,THOMAS G JEBRAN,6108686001,amack@transbridgelines.com,BETHLEHEM,PA,18017,2012 INDUSTRIAL DRIVE,S,No,AUTHORIZED FOR HIRE,65,$199/mo Growth,Offer DOT Record Monitor $29/mo,"CSA areas, reports, multi-user — growing fleet (fits Growth $199)",https://safer.fmcsa.dot.gov/query.asp?searchtype=ANY&query_type=queryCarrierSnapshot&query_param=USDOT&query_string=9100
Growth,Medium,BISSON TRANSPORTATION INC,BISSON TRANSPORTATION INC,9153,30,32,JAMES COOPER,2075141060,JKATZIANER@BISSONTRANSPORTATION.COM,WESTBROOK,ME,04092,85 EISENHOWER DRIVE,S,No,AUTHORIZED FOR HIRE,120,$199/mo Growth,Offer DOT Record Monitor $29/mo,"CSA areas, reports, multi-user — growing fleet (fits Growth $199)",https://safer.fmcsa.dot.gov/query.asp?searchtype=ANY&query_type=queryCarrierSnapshot&query_param=USDOT&query_string=9153
Growth,Medium,SPC TRANSPORT CO,SPC TRANSPORT CO,9163,19,18,TODD  PRAWER,12072400029,rgiguere@spctran.com,AUBURN,ME,04210,224 WEST HARDSCRABBLE RD,S,Yes,AUTHORIZED FOR HIRE,120,$199/mo Growth,Offer DOT Record Monitor $29/mo,"CSA areas, reports, multi-user — growing fleet (fits Growth $199)",https://safer.fmcsa.dot.gov/query.asp?searchtype=ANY&query_type=queryCarrierSnapshot&query_param=USDOT&query_string=9163
Growth,Medium,H E HUNEWILL CONSTRUCTION CO INC,H E HUNEWILL CONSTRUCTION CO INC,9245,29,17,LOREN EUGENE HUNEWILL,7754652448,hunewillinc@hunewillconstruction.com,WELLINGTON,NV,89444,315 ARTIST VIEW,C,No,PRIVATE PROPERTY;AUTHORIZED FOR HIRE,95,$199/mo Growth,Offer DOT Record Monitor $29/mo,"CSA areas, reports, multi-user — growing fleet (fits Growth $199)",https://safer.fmcsa.dot.gov/query.asp?searchtype=ANY&query_type=queryCarrierSnapshot&query_param=USDOT&query_string=9245
Growth,Medium,J D BOUSQUET & SONS INC,J D BOUSQUET & SONS INC,9347,11,5,THEODORE J BOUSQUET,5084767421,,MANCHAUG,MA,01526,37 MAIN ST,S,Yes,PRIVATE PROPERTY;AUTHORIZED FOR HIRE,50,$199/mo Growth,Offer DOT Record Monitor $29/mo,"CSA areas, reports, multi-user — growing fleet (fits Growth $199)",https://safer.fmcsa.dot.gov/query.asp?searchtype=ANY&query_type=queryCarrierSnapshot&query_param=USDOT&query_string=9347
Growth,Medium,C & W TRANSPORTATION INC,C & W TRANSPORTATION INC,9354,46,53,SHANNON DEGUGLIELMO,6179309902,CWTRANSPORTATION@GMAIL.COM,LEXINGTON,MA,02420,240 BEDFORD STREET,S,No,"PRIVATE PASSENGER, BUSINESS;AUTHORIZED FOR HIRE",50,$199/mo Growth,Offer DOT Record Monitor $29/mo,"CSA areas, reports, multi-user — growing fleet (fits Growth $199)",https://safer.fmcsa.dot.gov/query.asp?searchtype=ANY&query_type=queryCarrierSnapshot&query_param=USDOT&query_string=9354
Starter,High,MILLER TRANSFER AND STORAGE,CG MILLER INC,9387,9,8,JAMES MILLER,7602523711,millertransfer@san.rr.com,BARSTOW,CA,92311,2520 E MAIN ST,None listed,No,AUTHORIZED FOR HIRE,65,$99/mo Starter,Mention Monitor after trial activation,Expiration tracking + document vault for small fleet (fits Starter $99),https://safer.fmcsa.dot.gov/query.asp?searchtype=ANY&query_type=queryCarrierSnapshot&query_param=USDOT&query_string=9387
Growth,High,MALLETT & SONS TRUCKING COMPANY INC,MALLETT & SONS TRUCKING COMPANY INC,9392,25,21,ROY  M MALLETT,17609222297,mallett33@frontier.com,BLYTHE,CA,92225-9379,10901 SEELEY AVE,S,No,AUTHORIZED FOR HIRE,90,$199/mo Growth,Offer DOT Record Monitor $29/mo,"CSA areas, reports, multi-user — growing fleet (fits Growth $199)",https://safer.fmcsa.dot.gov/query.asp?searchtype=ANY&query_type=queryCarrierSnapshot&query_param=USDOT&query_string=9392
Starter,High,REBEL VAN LINES,REBEL VAN LINES,9480,6,6,MAUREEN SERIO,3108847620,nan@rebelvanlines.com,COMPTON,CA,90221,2100 SOUTH ALAMEDA STREET,S,No,AUTHORIZED FOR HIRE,95,$99/mo Starter,Mention Monitor after trial activation,Expiration tracking + document vault for small fleet (fits Starter $99),https://safer.fmcsa.dot.gov/query.asp?searchtype=ANY&query_type=queryCarrierSnapshot&query_param=USDOT&query_string=9480
Starter,High,RAMSEY TOWING,H&H RAMSEY TOWING CO,9517,10,6,DAN C NASCA,7609224161,lstewart@ramseytrk.com,BLYTHE,CA,92225,190 S INTAKE BLVD,S,Yes,AUTHORIZED FOR HIRE,65,$99/mo Starter,Mention Monitor after trial activation,Expiration tracking + document vault for small fleet (fits Starter $99),https://safer.fmcsa.dot.gov/query.asp?searchtype=ANY&query_type=queryCarrierSnapshot&query_param=USDOT&query_string=9517
Growth,High,RYDER TRANSPORT EXPRESS LLC,RYDER TRANSPORT EXPRESS LLC,9848,30,36,JAMES  FINLEY,7862471987,jfinley@ryder.com,CORAL GABLES,FL,33134,2333 PONCE DE LEON BLVD,S,No,AUTHORIZED FOR HIRE,120,$199/mo Growth,Offer DOT Record Monitor $29/mo,"CSA areas, reports, multi-user — growing fleet (fits Growth $199)",https://safer.fmcsa.dot.gov/query.asp?searchtype=ANY&query_type=queryCarrierSnapshot&query_param=USDOT&query_string=9848
Fleet,High,DEPENDABLE HIGHWAY EXPRESS INC,DEPENDABLE HIGHWAY EXPRESS INC,9853,312,240,RONALD MASSMAN,3233629399,dhecompliance@godependable.com,LOS ANGELES,CA,90023,2555 E OLYMPIC BLVD,S,Yes,AUTHORIZED FOR HIRE,120,$299/mo Fleet,Offer DOT Record Monitor $29/mo,"Unlimited seats, reports, integrations + Monitor (fits Fleet $299)",https://safer.fmcsa.dot.gov/query.asp?searchtype=ANY&query_type=queryCarrierSnapshot&query_param=USDOT&query_string=9853
Fleet,High,CUSTOM,CUSTOM BUILDING PRODUCTS LLC,9926,165,158,JEFF  WRIGHT,4046349100,margie.otoole@conteches.com,ATLANTA,GA,30328,5 CONCOURSE PARKWAY STE 1900,C,No,PRIVATE PROPERTY;AUTHORIZED FOR HIRE,95,$299/mo Fleet,Offer DOT Record Monitor $29/mo,"Unlimited seats, reports, integrations + Monitor (fits Fleet $299)",https://safer.fmcsa.dot.gov/query.asp?searchtype=ANY&query_type=queryCarrierSnapshot&query_param=USDOT&query_string=9926
Fleet,High,SYSCO PORTLAND INC,SYSCO PORTLAND INC,9997,118,153,SUSAN PAUL,5036828700,DOT.compliance@sysco.com,WILSONVILLE,OR,97070,26250 SW PARKWAY CENTER DRIVE,None listed,Yes,PRIVATE PROPERTY;AUTHORIZED FOR HIRE,95,$299/mo Fleet,Offer DOT Record Monitor $29/mo,"Unlimited seats, reports, integrations + Monitor (fits Fleet $299)",https://safer.fmcsa.dot.gov/query.asp?searchtype=ANY&query_type=queryCarrierSnapshot&query_param=USDOT&query_string=9997
Growth,High,P & G MUSHROOM CO INC,P & G MUSHROOM CO INC,10035,11,8,STEVE PHILLIPS,6104441786,tcullen@phillpsmushroomfarms.com,KENNETT SQUARE,PA,19348-2605,1011 KAOLIN RD,S,No,AUTHORIZED FOR HIRE,65,$199/mo Growth,Offer DOT Record Monitor $29/mo,"CSA areas, reports, multi-user — growing fleet (fits Growth $199)",https://safer.fmcsa.dot.gov/query.asp?searchtype=ANY&query_type=queryCarrierSnapshot&query_param=USDOT&query_string=10035
Starter,High,MUSHROOM EXPRESS COMPANY,MUSHROOM EXPRESS COMPANY,10065,5,6,KEITH KIMMEL,6102682100,ORDERS@mushroomexpress.net,KENNETT SQUARE,PA,19348,295 THOMPSON ROAD,C,No,AUTHORIZED FOR HIRE,90,$99/mo Starter,Mention Monitor after trial activation,Expiration tracking + document vault for small fleet (fits Starter $99),https://safer.fmcsa.dot.gov/query.asp?searchtype=ANY&query_type=queryCarrierSnapshot&query_param=USDOT&query_string=10065
Fleet,High,WARD SAND & MATERIALS CO,JAMES D MORRISSEY INC,10072,124,43,JAMES  D MORRISSEY JR,2153338000,jfurey@jdm-inc.com,PHILADELPHIA,PA,19114-2854,9119 FRANKFORD AVE,S,Yes,AUTHORIZED FOR HIRE,60,$299/mo Fleet,Offer DOT Record Monitor $29/mo,"Unlimited seats, reports, integrations + Monitor (fits Fleet $299)",https://safer.fmcsa.dot.gov/query.asp?searchtype=ANY&query_type=queryCarrierSnapshot&query_param=USDOT&query_string=10072
Fleet,High,MACK TRUCKS INC,MACK TRUCKS INC,10105,72,88,GREG  HIGGINS,3363932000,fleetmgmt@volvo.com,GREENSBORO,NC,27409-9416,7900 NATIONAL SERVICE RD,S,Yes,PRIVATE PROPERTY,50,$299/mo Fleet,Offer DOT Record Monitor $29/mo,"Unlimited seats, reports, integrations + Monitor (fits Fleet $299)",https://safer.fmcsa.dot.gov/query.asp?searchtype=ANY&query_type=queryCarrierSnapshot&query_param=USDOT&query_string=10105
Starter,High,ALAN MCILVAIN COMPANY,ALAN MCILVAIN COMPANY,10112,8,8,ALAN MCILVAIN III,6104856600,jhuselton@alanmcilvain.com,MARCUS HOOK,PA,19061-0380,501 MARKET STREET,S,No,PRIVATE PROPERTY;AUTHORIZED FOR HIRE,95,$99/mo Starter,Mention Monitor after trial activation,Expiration tracking + document vault for small fleet (fits Starter $99),https://safer.fmcsa.dot.gov/query.asp?searchtype=ANY&query_type=queryCarrierSnapshot&query_param=USDOT&query_string=10112
Fleet,High,SOUTH MILL SALES,KAOLIN MUSHROOM FARMS INC,10193,63,26,RICHARD  PEMBERTON,6104444800,dfoster@southmill.com,KENNETT SQUARE,PA,19348,649 W SOUTH STREET,S,No,PRIVATE PROPERTY;AUTHORIZED FOR HIRE,60,$299/mo Fleet,Offer DOT Record Monitor $29/mo,"Unlimited seats, reports, integrations + Monitor (fits Fleet $299)",https://safer.fmcsa.dot.gov/query.asp?searchtype=ANY&query_type=queryCarrierSnapshot&query_param=USDOT&query_string=10193
Fleet,High,SOUTHEASTERN PENNSYLVANIA TRANSPORTATION AUTHORITY SEPTA,SOUTHEASTERN PENNSYLVANIA TRANSPORTATION AUTHORITY SEPTA,10206,1414,2179,FRANCIS BRANDIS,2155808100,FBRANDIS@septa.org,PHILADELPHIA,PA,19107-3780,1234 MARKET STREET FL 14,S,No,AUTHORIZED FOR HIRE,90,$299/mo Fleet,Offer DOT Record Monitor $29/mo,"Unlimited seats, reports, integrations + Monitor (fits Fleet $299)",https://safer.fmcsa.dot.gov/query.asp?searchtype=ANY&query_type=queryCarrierSnapshot&query_param=USDOT&query_string=10206
Starter,High,GARTTMEYER MOVING & STORAGE INC,GARTTMEYER MOVING & STORAGE INC,10208,7,4,CARL GARTTMEYER,2153558787,ggarttmeyer@aol.com,SOUTHAMPTON,PA,18966,955 JAYMOR RD,S,No,AUTHORIZED FOR HIRE,65,$99/mo Starter,Mention Monitor after trial activation,Expiration tracking + document vault for small fleet (fits Starter $99),https://safer.fmcsa.dot.gov/query.asp?searchtype=ANY&query_type=queryCarrierSnapshot&query_param=USDOT&query_string=10208
Fleet,High,BT ENERGY INC,PARKER OIL COMPANY INC,10311,116,115,"CHARLES PARKER, JR.",4344473146,,SOUTH HILL,VA,23970,1428 W DANVILLE ST,S,Yes,PRIVATE PROPERTY;AUTHORIZED FOR HIRE,55,$299/mo Fleet,Offer DOT Record Monitor $29/mo,"Unlimited seats, reports, integrations + Monitor (fits Fleet $299)",https://safer.fmcsa.dot.gov/query.asp?searchtype=ANY&query_type=queryCarrierSnapshot&query_param=USDOT&query_string=10311
Fleet,High,SUNOCO RETAIL LLC,SUNOCO RETAIL LLC,10328,262,450,KARL  FAILS,4437520466,frederick.cornell@sunoco.com,NEWTOWN SQUARE,PA,19073,3805 WEST CHESTER PIKE - SUITE 260,S,Yes,PRIVATE PROPERTY;AUTHORIZED FOR HIRE,65,$299/mo Fleet,Offer DOT Record Monitor $29/mo,"Unlimited seats, reports, integrations + Monitor (fits Fleet $299)",https://safer.fmcsa.dot.gov/query.asp?searchtype=ANY&query_type=queryCarrierSnapshot&query_param=USDOT&query_string=10328
Growth,High,E SCHNEIDER SONS INC,E SCHNEIDER SONS INC,10478,13,9,JOHN E. SCHNEIDER,6104353527,ESCHNEIDER@FAST.NET,ALLENTOWN,PA,18102,616-656 SUMNER AVENUE,S,No,AUTHORIZED FOR HIRE,65,$199/mo Growth,Offer DOT Record Monitor $29/mo,"CSA areas, reports, multi-user — growing fleet (fits Growth $199)",https://safer.fmcsa.dot.gov/query.asp?searchtype=ANY&query_type=queryCarrierSnapshot&query_param=USDOT&query_string=10478
Growth,High,NED BARD & SONS INC,NED BARD & SON CO,10537,40,21,DYLAN   BARD,7176616722,dana.edwards@nedbard.com,LEOLA,PA,17540,132 S MAPLE AVE,None listed,No,AUTHORIZED FOR HIRE,95,$199/mo Growth,Offer DOT Record Monitor $29/mo,"CSA areas, reports, multi-user — growing fleet (fits Growth $199)",https://safer.fmcsa.dot.gov/query.asp?searchtype=ANY&query_type=queryCarrierSnapshot&query_param=USDOT&query_string=10537
Fleet,High,R H CRAWFORD INC,R H CRAWFORD INC,10553,94,94,SHELLY MENTZER,7176374394,abby.nace@hanoverlogistics.com,HANOVER,PA,17331,341 MOULSTOWN RD,S,Yes,AUTHORIZED FOR HIRE,95,$299/mo Fleet,Offer DOT Record Monitor $29/mo,"Unlimited seats, reports, integrations + Monitor (fits Fleet $299)",https://safer.fmcsa.dot.gov/query.asp?searchtype=ANY&query_type=queryCarrierSnapshot&query_param=USDOT&query_string=10553
Fleet,High,DAILY EXPRESS INC,DAILY EXPRESS INC,10558,173,173,TODD  R. LONG,8007332459,jstambaugh@dailyexp.com,CARLISLE,PA,17013-0039,1072 HARRISBURG PIKE,S,No,AUTHORIZED FOR HIRE,120,$299/mo Fleet,Offer DOT Record Monitor $29/mo,"Unlimited seats, reports, integrations + Monitor (fits Fleet $299)",https://safer.fmcsa.dot.gov/query.asp?searchtype=ANY&query_type=queryCarrierSnapshot&query_param=USDOT&query_string=10558
Growth,High,DAVIDSON BROTHERS,TROTTING FOX LLC,10559,42,26,GARY GOLDEN SR,8002355624,sheila2@dbitrucking.com,BELLEFONTE,PA,16823-4715,450 RUNVILLE RD,S,No,OTHER-LIMESTONE PRODUCTS;AUTHORIZED FOR HIRE,95,$199/mo Growth,Offer DOT Record Monitor $29/mo,"CSA areas, reports, multi-user — growing fleet (fits Growth $199)",https://safer.fmcsa.dot.gov/query.asp?searchtype=ANY&query_type=queryCarrierSnapshot&query_param=USDOT&query_string=10559
Fleet,High,H R EWELL INC,HERMAN R EWELL INC,10571,297,204,CALVIN  EWELL,8002330161,greg.mcclure@hrewell.com,EAST EARL,PA,17519,4635 DIVISION HIGHWAY,S,No,AUTHORIZED FOR HIRE,65,$299/mo Fleet,Offer DOT Record Monitor $29/mo,"Unlimited seats, reports, integrations + Monitor (fits Fleet $299)",https://safer.fmcsa.dot.gov/query.asp?searchtype=ANY&query_type=queryCarrierSnapshot&query_param=USDOT&query_string=10571
Growth,High,GABLER TRUCKING INC,GABLER TRUCKING INC,10579,24,26,STEVE  COX,7173771502,dispatch@hcgabler.com,CHAMBERSBURG,PA,17201,5195 TECHNOLOGY AVENUE,S,No,AUTHORIZED FOR HIRE,120,$199/mo Growth,Offer DOT Record Monitor $29/mo,"CSA areas, reports, multi-user — growing fleet (fits Growth $199)",https://safer.fmcsa.dot.gov/query.asp?searchtype=ANY&query_type=queryCarrierSnapshot&query_param=USDOT&query_string=10579
Growth,High,EARL R MARTIN INC,EARL R MARTIN INC,10650,16,25,CHRISTINA  MARTIN,7173544061,eskelton@earlrmartin.com,NEW HOLLAND,PA,17557,970 EAST EARL RD,S,Yes,AUTHORIZED FOR HIRE,95,$199/mo Growth,Offer DOT Record Monitor $29/mo,"CSA areas, reports, multi-user — growing fleet (fits Growth $199)",https://safer.fmcsa.dot.gov/query.asp?searchtype=ANY&query_type=queryCarrierSnapshot&query_param=USDOT&query_string=10650
Growth,High,MILTON TRANSPORTATION INC.,MILTON TRANSPORTATION INC.,10666,43,40,SHERRY  BOWERSOX,5707428774,accounting@miltontrans.com,TURBOTVILLE,PA,17772-8554,150 CHERRY TREE LN,S,No,AUTHORIZED FOR HIRE,120,$199/mo Growth,Offer DOT Record Monitor $29/mo,"CSA areas, reports, multi-user — growing fleet (fits Growth $199)",https://safer.fmcsa.dot.gov/query.asp?searchtype=ANY&query_type=queryCarrierSnapshot&query_param=USDOT&query_string=10666
Growth,High,LESTER M PRANGE INC,LESTER M PRANGE INC,10675,14,13,VICKY WIGGINS,7175292191,VDWPRANGE@EPIX.NET,KIRKWOOD,PA,17536-0126,380 MAPLE SHADE RD,S,No,PRIVATE PROPERTY;AUTHORIZED FOR HIRE,95,$199/mo Growth,Offer DOT Record Monitor $29/mo,"CSA areas, reports, multi-user — growing fleet (fits Growth $199)",https://safer.fmcsa.dot.gov/query.asp?searchtype=ANY&query_type=queryCarrierSnapshot&query_param=USDOT&query_string=10675
Growth,High,GEO W WEAVER & SON INC,GEO W WEAVER & SON INC,10676,27,17,FREDERICK LIDDELL,7177747835,Max@weavermoving.com,NEW CUMBERLAND,PA,17070,165 LAMONT ST,S,No,AUTHORIZED FOR HIRE,65,$199/mo Growth,Offer DOT Record Monitor $29/mo,"CSA areas, reports, multi-user — growing fleet (fits Growth $199)",https://safer.fmcsa.dot.gov/query.asp?searchtype=ANY&query_type=queryCarrierSnapshot&query_param=USDOT&query_string=10676
Growth,High,CHARLES M SHIRK TRUCKING INC,CHARLES M SHIRK TRUCKING INC,10695,17,17,MARY ALICE SENSENIG,7174454921,MARYALICE@SHIRKTRUCKING.COM,TERRE HILL,PA,17581,307 SCHNADER STREET,None listed,No,AUTHORIZED FOR HIRE,120,$199/mo Growth,Offer DOT Record Monitor $29/mo,"CSA areas, reports, multi-user — growing fleet (fits Growth $199)",https://safer.fmcsa.dot.gov/query.asp?searchtype=ANY&query_type=queryCarrierSnapshot&query_param=USDOT&query_string=10695
Fleet,High,SUMMERS TRUCKING,LESTER R SUMMERS INC,10702,70,63,REBECCA E SUMMERS,7177336556,BECKY@SUMMERSTRUCKING.COM,EPHRATA,PA,17522,40 GARDEN SPOT ROAD SUITE 100,S,Yes,AUTHORIZED FOR HIRE,120,$299/mo Fleet,Offer DOT Record Monitor $29/mo,"Unlimited seats, reports, integrations + Monitor (fits Fleet $299)",https://safer.fmcsa.dot.gov/query.asp?searchtype=ANY&query_type=queryCarrierSnapshot&query_param=USDOT&query_string=10702
Starter,High,ECKERT TRUCKING INC,ECKERT TRUCKING INC,10712,6,5,CANDY TOGGAS,7178430995,CANDYJO28@AOL.COM,YORK,PA,17403,1090 E SPRINGETTSBURY AVE,S,No,AUTHORIZED FOR HIRE,120,$99/mo Starter,Mention Monitor after trial activation,Expiration tracking + document vault for small fleet (fits Starter $99),https://safer.fmcsa.dot.gov/query.asp?searchtype=ANY&query_type=queryCarrierSnapshot&query_param=USDOT&query_string=10712
Fleet,High,WATSONTOWN TRUCKING COMPANY,WATSONTOWN TRUCKING COMPANY,10715,565,530,BRANDON  KOSER,5705229820,bkoser@watsontowntrucking.com,MILTON,PA,17847,60 BELFORD BLVD,S,No,AUTHORIZED FOR HIRE,120,$299/mo Fleet,Offer DOT Record Monitor $29/mo,"Unlimited seats, reports, integrations + Monitor (fits Fleet $299)",https://safer.fmcsa.dot.gov/query.asp?searchtype=ANY&query_type=queryCarrierSnapshot&query_param=USDOT&query_string=10715
Growth,High,WOLF'S BUS LINES INC,WOLF'S BUS LINES INC,10726,23,32,TAMMY WOLF-BAKER,7175284125,jan@WOLFSBUS.COM,YORK SPRINGS,PA,17372,200 OLD US RT 15,S,No,AUTHORIZED FOR HIRE,55,$199/mo Growth,Offer DOT Record Monitor $29/mo,"CSA areas, reports, multi-user — growing fleet (fits Growth $199)",https://safer.fmcsa.dot.gov/query.asp?searchtype=ANY&query_type=queryCarrierSnapshot&query_param=USDOT&query_string=10726
Starter,High,ZEIGLERS STORAGE & TRANSFER INC,ZEIGLERS STORAGE & TRANSFER INC,10733,7,5,BRENDA DAVIDSON,7172432033,info@zeiglersmoving.com,CARLISLE,PA,17013,1235 RITNER HWY,S,No,PRIVATE PROPERTY;AUTHORIZED FOR HIRE,65,$99/mo Starter,Mention Monitor after trial activation,Expiration tracking + document vault for small fleet (fits Starter $99),https://safer.fmcsa.dot.gov/query.asp?searchtype=ANY&query_type=queryCarrierSnapshot&query_param=USDOT&query_string=10733
Growth,High,IVAN P LAUVER & SON INC,IVAN P LAUVER & SON INC,10760,18,26,ZACHARY  LAUVER,5705392552,lauvertrucking@gmail.com,MT PLEASANT MILLS,PA,17853,8962 RT 104,S,No,AUTHORIZED FOR HIRE,95,$199/mo Growth,Offer DOT Record Monitor $29/mo,"CSA areas, reports, multi-user — growing fleet (fits Growth $199)",https://safer.fmcsa.dot.gov/query.asp?searchtype=ANY&query_type=queryCarrierSnapshot&query_param=USDOT&query_string=10760
Growth,High,MCCLEARY OIL CO INC,MCCLEARY OIL CO INC,10798,14,9,JAMES R WADE,7172646181,jimmy@mcclearyoil.com,CHAMBERSBURG,PA,17201,1266 N FRANKLIN ST,None listed,Yes,PRIVATE PROPERTY;AUTHORIZED FOR HIRE,95,$199/mo Growth,Offer DOT Record Monitor $29/mo,"CSA areas, reports, multi-user — growing fleet (fits Growth $199)",https://safer.fmcsa.dot.gov/query.asp?searchtype=ANY&query_type=queryCarrierSnapshot&query_param=USDOT&query_string=10798
Growth,High,MELLOTT COMPANY,MELLOTT COMPANY,10847,47,31,NICK ECKER,3016782000,SSTANLEY@MELLOTTS.COM,WARFORDSBURG,PA,17267,100 MELLOTT DR SUITE 100,S,No,PRIVATE PROPERTY;AUTHORIZED FOR HIRE,95,$199/mo Growth,Offer DOT Record Monitor $29/mo,"CSA areas, reports, multi-user — growing fleet (fits Growth $199)",https://safer.fmcsa.dot.gov/query.asp?searchtype=ANY&query_type=queryCarrierSnapshot&query_param=USDOT&query_string=10847
Growth,High,MOUNT JOY FARMERS CO-OP,MOUNT JOY FARMERS CO-OPERATIVE ASSOCIATION CORP,10883,36,67,JEFFERY BALMER,7176535431,LSTAUFFER@MTJOYFARMERSCOOP.com,MOUNT JOY,PA,17552,1471 WEST MAIN ST,S,No,PRIVATE PROPERTY;AUTHORIZED FOR HIRE,65,$199/mo Growth,Offer DOT Record Monitor $29/mo,"CSA areas, reports, multi-user — growing fleet (fits Growth $199)",https://safer.fmcsa.dot.gov/query.asp?searchtype=ANY&query_type=queryCarrierSnapshot&query_param=USDOT&query_string=10883
Fleet,Medium,INTERMOUNTAIN WOOD PRODUCTS INC,INTERMOUNTAIN WOOD PRODUCTS INC,10944,76,78,DUSTIN PERRIN,8014865414,wpeterson@intermountainwood.com,SALT LAKE CITY,UT,84115,1948 S WEST TEMPLE,S,No,PRIVATE PROPERTY;AUTHORIZED FOR HIRE,95,$299/mo Fleet,Offer DOT Record Monitor $29/mo,"Unlimited seats, reports, integrations + Monitor (fits Fleet $299)",https://safer.fmcsa.dot.gov/query.asp?searchtype=ANY&query_type=queryCarrierSnapshot&query_param=USDOT&query_string=10944
Starter,Medium,LARRY DAVIS GARAGE OF BARNESVILLE MN INC,LARRY DAVIS GARAGE OF BARNESVILLE MN INC,11005,5,5,LARRY DAVIS,2184934464,ldgarage@rrt.net,BARNESVILLE,MN,56514,15268 HWY 9 S,S,No,AUTHORIZED FOR HIRE,95,$99/mo Starter,Mention Monitor after trial activation,Expiration tracking + document vault for small fleet (fits Starter $99),https://safer.fmcsa.dot.gov/query.asp?searchtype=ANY&query_type=queryCarrierSnapshot&query_param=USDOT&query_string=11005
Fleet,High,NELSON BROTHERS TRUCKING INC,MORRIS O NELSON & SONS INC,11064,129,84,RICK NELSON,5417460303,RICK@NBTRUCKING.COM,SPRINGFIELD,OR,97478,3112 INDUSTRIAL AVE,S,Yes,AUTHORIZED FOR HIRE,120,$299/mo Fleet,Offer DOT Record Monitor $29/mo,"Unlimited seats, reports, integrations + Monitor (fits Fleet $299)",https://safer.fmcsa.dot.gov/query.asp?searchtype=ANY&query_type=queryCarrierSnapshot&query_param=USDOT&query_string=11064
Growth,High,MCCRACKEN MOTOR FREIGHT INC,MCCRACKEN MOTOR FREIGHT INC,11087,22,22,MYCHELL LAKE,5032237304,M.LAKE@MCCRACKENMOTORFREIGHT.COM,PORTLAND,OR,97217,1601 N COLUMBIA BLVD,S,Yes,AUTHORIZED FOR HIRE,120,$199/mo Growth,Offer DOT Record Monitor $29/mo,"CSA areas, reports, multi-user — growing fleet (fits Growth $199)",https://safer.fmcsa.dot.gov/query.asp?searchtype=ANY&query_type=queryCarrierSnapshot&query_param=USDOT&query_string=11087
Starter,Medium,ADMIRAL MOVING SERVICES INC,ADMIRAL MOVING SERVICES INC,11135,10,5,LISA A SCOTT,4794424631,L_SCOTT@ADMIRALMOVINGSERVICES.COM,TONTITOWN,AR,72762,1245 E HENRI DE TONTI BLVD,None listed,No,AUTHORIZED FOR HIRE,65,$99/mo Starter,Mention Monitor after trial activation,Expiration tracking + document vault for small fleet (fits Starter $99),https://safer.fmcsa.dot.gov/query.asp?searchtype=ANY&query_type=queryCarrierSnapshot&query_param=USDOT&query_string=11135
Growth,Medium,SILICA TRANSPORT INC,SILICA TRANSPORT INC,11284,44,30,JAMES  A. KNIGHT,8703465811,james.knight@sti-guion.com,GUION,AR,72540,260 MAIN STREET,S,Yes,AUTHORIZED FOR HIRE,120,$199/mo Growth,Offer DOT Record Monitor $29/mo,"CSA areas, reports, multi-user — growing fleet (fits Growth $199)",https://safer.fmcsa.dot.gov/query.asp?searchtype=ANY&query_type=queryCarrierSnapshot&query_param=USDOT&query_string=11284
Fleet,High,POOLE,POOLE CHEMICAL COMPANY INCORPORATED,11429,63,69,DANNY POOLE,8063624261,tcrum@POOLEag.COM,TEXLINE,TX,79087,100 NORTH FIRST,S,Yes,PRIVATE PROPERTY;AUTHORIZED FOR HIRE,95,$299/mo Fleet,Offer DOT Record Monitor $29/mo,"Unlimited seats, reports, integrations + Monitor (fits Fleet $299)",https://safer.fmcsa.dot.gov/query.asp?searchtype=ANY&query_type=queryCarrierSnapshot&query_param=USDOT&query_string=11429
Fleet,High,THT,TH TRANSPORT LLC,11517,72,103,CLAY  SHIPMAN,7178422320,keith.weire@turkeyhill.com,CONESTOGA,PA,17516,2601 RIVER ROAD,None listed,No,AUTHORIZED FOR HIRE,120,$299/mo Fleet,Offer DOT Record Monitor $29/mo,"Unlimited seats, reports, integrations + Monitor (fits Fleet $299)",https://safer.fmcsa.dot.gov/query.asp?searchtype=ANY&query_type=queryCarrierSnapshot&query_param=USDOT&query_string=11517
Starter,High,REIST POPCORN COMPANY,REIST POPCORN COMPANY,11659,9,9,MICHAEL A HIGGINS,7176538078,cmoyer@reistpopcorn.com,MOUNT JOY,PA,17552-0155,113 MANHEIM STREET,S,No,PRIVATE PROPERTY;AUTHORIZED FOR HIRE,95,$99/mo Starter,Mention Monitor after trial activation,Expiration tracking + document vault for small fleet (fits Starter $99),https://safer.fmcsa.dot.gov/query.asp?searchtype=ANY&query_type=queryCarrierSnapshot&query_param=USDOT&query_string=11659
Starter,High,RESILITE SPORTS PRODUCTS INC,RESILITE SPORTS PRODUCTS INC,11670,7,6,JENNIFER DEARMITT,5704733529,,NORTHUMBERLAND,PA,17857,200 POINT TOWNSHIP DR,S,No,PRIVATE PROPERTY;AUTHORIZED FOR HIRE;EXEMPT FOR HIRE,85,$99/mo Starter,Mention Monitor after trial activation,Expiration tracking + document vault for small fleet (fits Starter $99),https://safer.fmcsa.dot.gov/query.asp?searchtype=ANY&query_type=queryCarrierSnapshot&query_param=USDOT&query_string=11670
Fleet,High,RHOADS ENERGY CORPORATION,JEROME H RHOADS INC,11673,82,46,MICHAEL F DEBERDINE III,7173975277,KJACKSON@RHOADSENERGY.COM,LANCASTER,PA,17603,205 HAZEL ST,S,Yes,AUTHORIZED FOR HIRE,65,$299/mo Fleet,Offer DOT Record Monitor $29/mo,"Unlimited seats, reports, integrations + Monitor (fits Fleet $299)",https://safer.fmcsa.dot.gov/query.asp?searchtype=ANY&query_type=queryCarrierSnapshot&query_param=USDOT&query_string=11673
Starter,High,RIVER DRIVE SERVICE CENTER,RIVER DRIVE SERVICE CENTER INC,11680,9,13,EDWIN STALEY,7172338891,shane@riverdriveservice.com,HARRISBURG,PA,17110,4613 NORTH FRONT ST,S,No,AUTHORIZED FOR HIRE,95,$99/mo Starter,Mention Monitor after trial activation,Expiration tracking + document vault for small fleet (fits Starter $99),https://safer.fmcsa.dot.gov/query.asp?searchtype=ANY&query_type=queryCarrierSnapshot&query_param=USDOT&query_string=11680
Growth,High,RIGIDPLY RAFTERS,RIGIDPLY RAFTERS INC,11682,19,17,VERNON AUTHOR SHIRK,7178666581,JAMIEHARTMAN@RIGIDPLY.COM,RICHLAND,PA,17087-9714,701 E LINDEN ST,S,No,AUTHORIZED FOR HIRE,65,$199/mo Growth,Offer DOT Record Monitor $29/mo,"CSA areas, reports, multi-user — growing fleet (fits Growth $199)",https://safer.fmcsa.dot.gov/query.asp?searchtype=ANY&query_type=queryCarrierSnapshot&query_param=USDOT&query_string=11682
Starter,High,P L ROHRER & BRO INC,P L ROHRER & BRO INC,11689,5,6,DOUG ROHRER,7172992571,DROHRER@ROHRERSEEDS.COM,LANCASTER,PA,17602,2472 OLD PHILADELPHIA PIKE,S,Yes,PRIVATE PROPERTY;AUTHORIZED FOR HIRE,95,$99/mo Starter,Mention Monitor after trial activation,Expiration tracking + document vault for small fleet (fits Starter $99),https://safer.fmcsa.dot.gov/query.asp?searchtype=ANY&query_type=queryCarrierSnapshot&query_param=USDOT&query_string=11689
Growth,High,RUTTER BROS DAIRY INC,RUTTER BROS DAIRY INC,11707,28,32,TODD RUTTER,7177715968,"lisa.grim@rutters.com, aaron.raby@rutters.com",YORK,PA,17404,2100 N GEORGE STREET,S,No,PRIVATE PROPERTY;AUTHORIZED FOR HIRE,65,$199/mo Growth,Offer DOT Record Monitor $29/mo,"CSA areas, reports, multi-user — growing fleet (fits Growth $199)",https://safer.fmcsa.dot.gov/query.asp?searchtype=ANY&query_type=queryCarrierSnapshot&query_param=USDOT&query_string=11707
Growth,High,SINDALL TRANSPORT INC,SINDALL TRANSPORT INC,11785,20,17,J KATHRYN WILSON,7173540606,jEFF@SINDALLTRANSPORT.COM,NEW HOLLAND,PA,17557,461 DILLER AVE,S,No,AUTHORIZED FOR HIRE,120,$199/mo Growth,Offer DOT Record Monitor $29/mo,"CSA areas, reports, multi-user — growing fleet (fits Growth $199)",https://safer.fmcsa.dot.gov/query.asp?searchtype=ANY&query_type=queryCarrierSnapshot&query_param=USDOT&query_string=11785
Growth,High,GALEN S SPICKLER INC,GALEN S SPICKLER INC,11811,12,9,G. EUGENE SPICKLER,7176534957,gspicklerinc@centurylink.net,ELIZABETHTOWN,PA,17022-9648,801 MILTON GROVE RD  SOUTH,None listed,No,AUTHORIZED FOR HIRE,65,$199/mo Growth,Offer DOT Record Monitor $29/mo,"CSA areas, reports, multi-user — growing fleet (fits Growth $199)",https://safer.fmcsa.dot.gov/query.asp?searchtype=ANY&query_type=queryCarrierSnapshot&query_param=USDOT&query_string=11811
Starter,High,SPRING GLEN FRESH FOODS,SPRING GLEN FRESH FOODS,11813,8,7,JEFFREY WAREHIME,7177332201,JBENEDETTO@SPRINGGLEN.COM,EHPRATA,PA,17522,314 SPRING GLEN DR,S,No,PRIVATE PROPERTY;AUTHORIZED FOR HIRE,95,$99/mo Starter,Mention Monitor after trial activation,Expiration tracking + document vault for small fleet (fits Starter $99),https://safer.fmcsa.dot.gov/query.asp?searchtype=ANY&query_type=queryCarrierSnapshot&query_param=USDOT&query_string=11813
Fleet,High,PENNSY SUPPLY INC,PENNSY SUPPLY INC,11879,127,127,JAMES HOWARD TAYLOR,7172212659,jeffrey.gaines@pennsysupply.com,HARRISBURG,PA,17110,2400 THEA DRIVE STE 3A,S,Yes,PRIVATE PROPERTY;AUTHORIZED FOR HIRE,65,$299/mo Fleet,Offer DOT Record Monitor $29/mo,"Unlimited seats, reports, integrations + Monitor (fits Fleet $299)",https://safer.fmcsa.dot.gov/query.asp?searchtype=ANY&query_type=queryCarrierSnapshot&query_param=USDOT&query_string=11879
Growth,High,FH KREIDER,FRANKLIN H KREIDER LLC,11954,22,18,LAVERNE  D KREIDER,7178980129,kmartin@fhkreider.com,LANCASTER,PA,17601-2310,2400 DAIRY RD,None listed,Yes,AUTHORIZED FOR HIRE,95,$199/mo Growth,Offer DOT Record Monitor $29/mo,"CSA areas, reports, multi-user — growing fleet (fits Growth $199)",https://safer.fmcsa.dot.gov/query.asp?searchtype=ANY&query_type=queryCarrierSnapshot&query_param=USDOT&query_string=11954
Growth,High,CONTINENTAL VAN LINES INC,CONTINENTAL VAN LINES INC,11997,26,23,JOSEPH  BLAINE,2068053371,lhuntley@continentalvan.com,TACOMA,WA,98424,2802 70TH AVE E,S,No,AUTHORIZED FOR HIRE,65,$199/mo Growth,Offer DOT Record Monitor $29/mo,"CSA areas, reports, multi-user — growing fleet (fits Growth $199)",https://safer.fmcsa.dot.gov/query.asp?searchtype=ANY&query_type=queryCarrierSnapshot&query_param=USDOT&query_string=11997
Starter,High,FRIDAY HARBOR FREIGHT LINES,HUFFMAN BROS INC,12027,7,4,GERALD HUFFMAN & DAVID HUFFMAN,3603782012,fhf@rockisland.com,FRIDAY HARBOR,WA,98250,420 A ST,None listed,Yes,AUTHORIZED FOR HIRE,120,$99/mo Starter,Mention Monitor after trial activation,Expiration tracking + document vault for small fleet (fits Starter $99),https://safer.fmcsa.dot.gov/query.asp?searchtype=ANY&query_type=queryCarrierSnapshot&query_param=USDOT&query_string=12027
Starter,High,WOLFKILL FEED & FERTILIZER CORP,WOLFKILL FEED & FERTILIZER CORP,12078,6,5,MERRITT WOLFKILL,3607947065,wolfkillcorp@msn.com,MONROE,WA,98272,217 E STRETCH ST,None listed,No,PRIVATE PROPERTY;AUTHORIZED FOR HIRE,65,$99/mo Starter,Mention Monitor after trial activation,Expiration tracking + document vault for small fleet (fits Starter $99),https://safer.fmcsa.dot.gov/query.asp?searchtype=ANY&query_type=queryCarrierSnapshot&query_param=USDOT&query_string=12078
Starter,High,MITCHELL MOVING & STORAGE,ALASKA SEAVAN INC,12103,7,15,TODD HALVERSON,2065756800,sean@mitchellmoving.com,TUKWILA,WA,98188,18800 SOUTHCENTER PARKWAY,S,Yes,AUTHORIZED FOR HIRE,65,$99/mo Starter,Mention Monitor after trial activation,Expiration tracking + document vault for small fleet (fits Starter $99),https://safer.fmcsa.dot.gov/query.asp?searchtype=ANY&query_type=queryCarrierSnapshot&query_param=USDOT&query_string=12103
Growth,Medium,ALASKA TERMINALS INC,ALASKA TERMINALS INC,12105,19,16,TODD HALVERSON,9073496657,todd@akterminals.com,ANCHORAGE,AK,99518,400 W 70TH AVE SUITE 3,S,No,LOCAL GOVERNMENT;STATE GOVERNMENT;AUTHORIZED FOR HIRE;FEDERAL GOVERNMENT,65,$199/mo Growth,Offer DOT Record Monitor $29/mo,"CSA areas, reports, multi-user — growing fleet (fits Growth $199)",https://safer.fmcsa.dot.gov/query.asp?searchtype=ANY&query_type=queryCarrierSnapshot&query_param=USDOT&query_string=12105
Growth,High,SHERMAN BROS HEAVY TRUCKING,SB INC,12179,18,17,BARTON SHERMAN,5419957751,safety@SBht.COM,HARRISBURG,OR,97446,32921 DIAMOND HILL DR,S,No,AUTHORIZED FOR HIRE,120,$199/mo Growth,Offer DOT Record Monitor $29/mo,"CSA areas, reports, multi-user — growing fleet (fits Growth $199)",https://safer.fmcsa.dot.gov/query.asp?searchtype=ANY&query_type=queryCarrierSnapshot&query_param=USDOT&query_string=12179
Growth,High,CLOVERLEAF GARAGE INC,CLOVERLEAF GARAGE INC,12311,12,6,MARK HARVEY,2198728603,,MICHIGAN CITY,IN,46360-7363,420 E US HIGHWAY 20,None listed,Yes,AUTHORIZED FOR HIRE,55,$199/mo Growth,Offer DOT Record Monitor $29/mo,"CSA areas, reports, multi-user — growing fleet (fits Growth $199)",https://safer.fmcsa.dot.gov/query.asp?searchtype=ANY&query_type=queryCarrierSnapshot&query_param=USDOT&query_string=12311
Growth,High,EQ LOGISTICS,DAYS LLC,12312,12,14,NATHAN CARPENTER,5742644121,kallsop@equnited.us,CASSOPOLIS,MI,49031,19300 GRANGE ST,S,Yes,PRIVATE PROPERTY;AUTHORIZED FOR HIRE,120,$199/mo Growth,Offer DOT Record Monitor $29/mo,"CSA areas, reports, multi-user — growing fleet (fits Growth $199)",https://safer.fmcsa.dot.gov/query.asp?searchtype=ANY&query_type=queryCarrierSnapshot&query_param=USDOT&query_string=12312
Starter,High,DON R FRUCHEY INC,DON R FRUCHEY INC,12314,8,7,RYAN FRUCHEY,2607498502,ADAM.FRUCHEY@DONRFRUCHEY.COM,FORT WAYNE,IN,46803-1733,5608 OLD MAUMEE RD,S,Yes,AUTHORIZED FOR HIRE,65,$99/mo Starter,Mention Monitor after trial activation,Expiration tracking + document vault for small fleet (fits Starter $99),https://safer.fmcsa.dot.gov/query.asp?searchtype=ANY&query_type=queryCarrierSnapshot&query_param=USDOT&query_string=12314
Growth,High,KROOSWYK TRUCKING & EXCAVATING INC,KROOSWYK TRUCKING & EXCAVATING INC,12324,17,10,TERRY KROOSWYK,2199245605,OFFICE@KROOSWYKTRUCKING.COM,HIGHLAND,IN,46322,9731 INDIANAPOLIS BLVD,S,No,AUTHORIZED FOR HIRE,90,$199/mo Growth,Offer DOT Record Monitor $29/mo,"CSA areas, reports, multi-user — growing fleet (fits Growth $199)",https://safer.fmcsa.dot.gov/query.asp?searchtype=ANY&query_type=queryCarrierSnapshot&query_param=USDOT&query_string=12324
Fleet,High,HORIZON FREIGHT LINES INC,HORIZON FREIGHT LINES INC,12330,92,72,KEELIE  PERKINS,8125263380,perkinsk@horizonfreightlines.com,EDINBURGH,IN,46124,6579 SOUTH US 31,S,No,AUTHORIZED FOR HIRE,120,$299/mo Fleet,Offer DOT Record Monitor $29/mo,"Unlimited seats, reports, integrations + Monitor (fits Fleet $299)",https://safer.fmcsa.dot.gov/query.asp?searchtype=ANY&query_type=queryCarrierSnapshot&query_param=USDOT&query_string=12330
Growth,High,STONE BELT FREIGHT LINES INC,STONE BELT FREIGHT LINES INC,12341,16,35,WILLIAM BENCKART,8128246741,kelsyb@STONEBELTFREIGHT.COM,BLOOMINGTON,IN,47402,101 W DILLMAN ROAD,S,No,AUTHORIZED FOR HIRE,120,$199/mo Growth,Offer DOT Record Monitor $29/mo,"CSA areas, reports, multi-user — growing fleet (fits Growth $199)",https://safer.fmcsa.dot.gov/query.asp?searchtype=ANY&query_type=queryCarrierSnapshot&query_param=USDOT&query_string=12341
Fleet,High,ACTIVE USA LLC,ACTIVE USA LLC,12358,351,335,BRUCE  JACKSON,2625647282,compliance@atctransportation.com,PLEASANT PRIAIRE,WI,53158,10801 CORPORATE DRIVE,S,Yes,AUTHORIZED FOR HIRE,65,$299/mo Fleet,Offer DOT Record Monitor $29/mo,"Unlimited seats, reports, integrations + Monitor (fits Fleet $299)",https://safer.fmcsa.dot.gov/query.asp?searchtype=ANY&query_type=queryCarrierSnapshot&query_param=USDOT&query_string=12358
Starter,Medium,WALTON FEED INC,WALTON FEED INC,12380,6,3,MARK CLEMENTS,2088470465,waltonfeed@gmail.com,MONTPELIER,ID,83254-0307,135 N 10TH ST,S,No,PRIVATE PROPERTY;AUTHORIZED FOR HIRE,95,$99/mo Starter,Mention Monitor after trial activation,Expiration tracking + document vault for small fleet (fits Starter $99),https://safer.fmcsa.dot.gov/query.asp?searchtype=ANY&query_type=queryCarrierSnapshot&query_param=USDOT&query_string=12380
Growth,Medium,GLANBIA FOODS INC,GLANBIA FOODS INC,12382,43,131,BRIAN CASPARY,2087337555,,TWIN FALLS,ID,83301,121 4TH AVE S,S,No,PRIVATE PROPERTY;AUTHORIZED FOR HIRE,55,$199/mo Growth,Offer DOT Record Monitor $29/mo,"CSA areas, reports, multi-user — growing fleet (fits Growth $199)",https://safer.fmcsa.dot.gov/query.asp?searchtype=ANY&query_type=queryCarrierSnapshot&query_param=USDOT&query_string=12382
Growth,Medium,WESTPOINT TRANSPORTATION INC,WESTPOINT TRANSPORTATION INC,12399,17,16,DAN FULKERSON,2083766228,dfulkerson@westpointfuel.com,BOISE,ID,83705,3184 ELDER,S,Yes,AUTHORIZED FOR HIRE,90,$199/mo Growth,Offer DOT Record Monitor $29/mo,"CSA areas, reports, multi-user — growing fleet (fits Growth $199)",https://safer.fmcsa.dot.gov/query.asp?searchtype=ANY&query_type=queryCarrierSnapshot&query_param=USDOT&query_string=12399
Fleet,Medium,WESTERN STATES EQUIPMENT CO,WESTERN STATES EQUIPMENT CO,12403,488,1005,CODY GLAZIER,2088842287,CODY.GLAZIER@WSECO.COM,MERIDIAN,ID,83642,500 E OVERLAND RD,S,Yes,PRIVATE PROPERTY;AUTHORIZED FOR HIRE,65,$299/mo Fleet,Offer DOT Record Monitor $29/mo,"Unlimited seats, reports, integrations + Monitor (fits Fleet $299)",https://safer.fmcsa.dot.gov/query.asp?searchtype=ANY&query_type=queryCarrierSnapshot&query_param=USDOT&query_string=12403
Starter,High,MATLOCK TRANSPORTATION INC,MATLOCK TRANSPORTATION INC,12655,8,6,TRACY ROMERO,9097991100,RMRTRCY@AOL.COM,SAN BERNARDINO,CA,92408,550 E CAROLINE ST,None listed,No,AUTHORIZED FOR HIRE,120,$99/mo Starter,Mention Monitor after trial activation,Expiration tracking + document vault for small fleet (fits Starter $99),https://safer.fmcsa.dot.gov/query.asp?searchtype=ANY&query_type=queryCarrierSnapshot&query_param=USDOT&query_string=12655
Growth,High,MEXICOACH INC,MEXICOACH INC,12660,12,24,VICENTE TOVAR,4805108483,INFO@MEXICOACH.COM,SAN DIEGO,CA,92173,4635 BORDER VILLAGE RD   STE  G,S,No,AUTHORIZED FOR HIRE,65,$199/mo Growth,Offer DOT Record Monitor $29/mo,"CSA areas, reports, multi-user — growing fleet (fits Growth $199)",https://safer.fmcsa.dot.gov/query.asp?searchtype=ANY&query_type=queryCarrierSnapshot&query_param=USDOT&query_string=12660
Fleet,High,ROY MILLER FREIGHT LINES LLC,ROY MILLER FREIGHT LINES LLC,12663,98,82,DANNY E MILLER,7146325511,vbeltran@roymiller.com,ANAHEIM,CA,92806,3165 E CORONADO ST,None listed,Yes,PRIVATE PROPERTY;AUTHORIZED FOR HIRE,120,$299/mo Fleet,Offer DOT Record Monitor $29/mo,"Unlimited seats, reports, integrations + Monitor (fits Fleet $299)",https://safer.fmcsa.dot.gov/query.asp?searchtype=ANY&query_type=queryCarrierSnapshot&query_param=USDOT&query_string=12663
Growth,High,OILFIELD SERVICE AND TRUCKING--OST TRUCKING,OST TRUCKS AND CRANES INC,12693,30,30,L DENNIS ZERMENO,8056439963,cHRIS@OSTCRANES.COM,VENTURA,CA,93001,2951 N VENTURA AVENUE,S,Yes,AUTHORIZED FOR HIRE,120,$199/mo Growth,Offer DOT Record Monitor $29/mo,"CSA areas, reports, multi-user — growing fleet (fits Growth $199)",https://safer.fmcsa.dot.gov/query.asp?searchtype=ANY&query_type=queryCarrierSnapshot&query_param=USDOT&query_string=12693
Growth,Medium,HOWES OIL CO INC,HOWES OIL CO INC,12728,39,20,ANDREW  HOWES,6053362288,mwessel@howesoil.com,SIOUX FALLS,SD,57104,823 E 14TH ST,S,Yes,AUTHORIZED FOR HIRE,65,$199/mo Growth,Offer DOT Record Monitor $29/mo,"CSA areas, reports, multi-user — growing fleet (fits Growth $199)",https://safer.fmcsa.dot.gov/query.asp?searchtype=ANY&query_type=queryCarrierSnapshot&query_param=USDOT&query_string=12728
Fleet,Medium,JENSEN ROCK & SAND INC,JENSEN ROCK & SAND INC,12780,93,68,KENNETH JENSEN,6058457213,KYLEJ@JENSENROCKANDSAND.COM,MOBRIDGE,SD,57601,12802 287TH AVE,None listed,Yes,AUTHORIZED FOR HIRE,65,$299/mo Fleet,Offer DOT Record Monitor $29/mo,"Unlimited seats, reports, integrations + Monitor (fits Fleet $299)",https://safer.fmcsa.dot.gov/query.asp?searchtype=ANY&query_type=queryCarrierSnapshot&query_param=USDOT&query_string=12780
Growth,Medium,WESTERN ENERGETIX LLC,WESTERN ENERGETIX LLC,12794,37,35,TOM  DI MERCURIO,5308850401,megans@flyersenergy.com,SPARKS,NV,89431,655 SOUTH STANFORD WAY,S,Yes,PRIVATE PROPERTY;AUTHORIZED FOR HIRE,65,$199/mo Growth,Offer DOT Record Monitor $29/mo,"CSA areas, reports, multi-user — growing fleet (fits Growth $199)",https://safer.fmcsa.dot.gov/query.asp?searchtype=ANY&query_type=queryCarrierSnapshot&query_param=USDOT&query_string=12794
Growth,High,L & B CARTAGE INC,L & B CARTAGE INC,12809,31,18,Sam Stewart,19897595544,dispatch@lb-omni.com,BRIDGEPORT,MI,48722,5425 DIXIE HWY SUITE 2,S,No,AUTHORIZED FOR HIRE,95,$199/mo Growth,Offer DOT Record Monitor $29/mo,"CSA areas, reports, multi-user — growing fleet (fits Growth $199)",https://safer.fmcsa.dot.gov/query.asp?searchtype=ANY&query_type=queryCarrierSnapshot&query_param=USDOT&query_string=12809
Growth,Medium,ZANETTI BROTHERS INC,ZANETTI BROTHERS INC,13052,28,28,HERBERT J ZANETTI JR,2087521178,accounting@zanettibros.com,OSBURN,ID,83849,301 E MULLAN AVE,S,Yes,PRIVATE PROPERTY;AUTHORIZED FOR HIRE,95,$199/mo Growth,Offer DOT Record Monitor $29/mo,"CSA areas, reports, multi-user — growing fleet (fits Growth $199)",https://safer.fmcsa.dot.gov/query.asp?searchtype=ANY&query_type=queryCarrierSnapshot&query_param=USDOT&query_string=13052
Starter,High,LARRY TRAPP TRUCKING INC,LARRY TRAPP TRUCKING INC,13172,10,5,LUKE TRAPP,5096709072,LARRYTRAPPTRUCKING@GMAIL.COM,ORONDO,WA,98843,14042 STATE ROUTE 2,S,No,AUTHORIZED FOR HIRE,120,$99/mo Starter,Mention Monitor after trial activation,Expiration tracking + document vault for small fleet (fits Starter $99),https://safer.fmcsa.dot.gov/query.asp?searchtype=ANY&query_type=queryCarrierSnapshot&query_param=USDOT&query_string=13172
Fleet,High,U R M STORES INC,U R M STORES INC,13196,80,130,ROGER WHITE,5097047117,freight@urmstoresinc.com,SPOKANE,WA,99217,7511 N FREYA ST,S,No,PRIVATE PROPERTY;AUTHORIZED FOR HIRE,95,$299/mo Fleet,Offer DOT Record Monitor $29/mo,"Unlimited seats, reports, integrations + Monitor (fits Fleet $299)",https://safer.fmcsa.dot.gov/query.asp?searchtype=ANY&query_type=queryCarrierSnapshot&query_param=USDOT&query_string=13196
Starter,High,UPPER COLUMBIA CONFERENCE OF SEVENTH DAY ADVENTISTS,UPPER COLUMBIA CONFERENCE OF SEVENTH DAY ADVENTISTS,13210,5,6,BRENT TUNGESVIK,5098382761,brentt@uccsda.org,SPOKANE,WA,99224,3715 S GROVE RD,S,No,PRIVATE PROPERTY;AUTHORIZED FOR HIRE,95,$99/mo Starter,Mention Monitor after trial activation,Expiration tracking + document vault for small fleet (fits Starter $99),https://safer.fmcsa.dot.gov/query.asp?searchtype=ANY&query_type=queryCarrierSnapshot&query_param=USDOT&query_string=13210
Growth,High,CWALLA BUILDING MATERIALS COMPANY,SCAFCO CORPORATION,13366,37,51,AARON  MICHAEL HOSKIN,5093439000,aaronhoskin@cwalla.com,SPOKANE,WA,99202-7004,2800 E MAIN AVE,S,No,PRIVATE PROPERTY;AUTHORIZED FOR HIRE,95,$199/mo Growth,Offer DOT Record Monitor $29/mo,"CSA areas, reports, multi-user — growing fleet (fits Growth $199)",https://safer.fmcsa.dot.gov/query.asp?searchtype=ANY&query_type=queryCarrierSnapshot&query_param=USDOT&query_string=13366
Fleet,High,IMPERIAL BRADY,IMPERIAL BAG & PAPER COMPANY LLC,13811,673,871,JERI  CONNOLLY,12014377440,jconnolly@imperialdade.com,JERSEY CITY,NJ,07306-6727,255 US HIGHWAY 1 AND 9,S,Yes,PRIVATE PROPERTY;AUTHORIZED FOR HIRE,65,$299/mo Fleet,Offer DOT Record Monitor $29/mo,"Unlimited seats, reports, integrations + Monitor (fits Fleet $299)",https://safer.fmcsa.dot.gov/query.asp?searchtype=ANY&query_type=queryCarrierSnapshot&query_param=USDOT&query_string=13811
Fleet,High,ROSS TRANSPORTATION SERVICES INC,ROSS TRANSPORTATION SERVICES INC,14484,141,112,CHRIS  FADA,4407485900,cfada@rosstransportation.com,GRAFTON,OH,44044,36790 GILES RD,None listed,Yes,AUTHORIZED FOR HIRE,90,$299/mo Fleet,Offer DOT Record Monitor $29/mo,"Unlimited seats, reports, integrations + Monitor (fits Fleet $299)",https://safer.fmcsa.dot.gov/query.asp?searchtype=ANY&query_type=queryCarrierSnapshot&query_param=USDOT&query_string=14484
Starter,High,HARRY ROWLAND JR INC,HARRY ROWLAND JR INC,14489,7,5,DAVID ROWLAND,4406474159,rowland.david87@gmail.com,WELLINGTON,OH,44090-9229,26175 STATE ROUTE 511,S,No,PRIVATE PROPERTY;AUTHORIZED FOR HIRE;EXEMPT FOR HIRE,65,$99/mo Starter,Mention Monitor after trial activation,Expiration tracking + document vault for small fleet (fits Starter $99),https://safer.fmcsa.dot.gov/query.asp?searchtype=ANY&query_type=queryCarrierSnapshot&query_param=USDOT&query_string=14489
Fleet,High,PORTS PETROLEUM COMPANY INC,PORTS PETROLEUM COMPANY INC,14529,71,61,MATT  PORTS,3302641885,phillip@portspetro.com,WOOSTER,OH,44691-9705,1337 BLACHLEYVILLE ROAD,None listed,Yes,AUTHORIZED FOR HIRE,95,$299/mo Fleet,Offer DOT Record Monitor $29/mo,"Unlimited seats, reports, integrations + Monitor (fits Fleet $299)",https://safer.fmcsa.dot.gov/query.asp?searchtype=ANY&query_type=queryCarrierSnapshot&query_param=USDOT&query_string=14529
Growth,High,DELTA RAILROAD CONSTRUCTION INC,DELTA RAILROAD CONSTRUCTION INC,14549,25,9,RICK RYEL,4409922997,JPENNA@DELTARR.COM,ASHTABULA,OH,44004,2468 WEST PROSPECT ROAD,S,No,PRIVATE PROPERTY;AUTHORIZED FOR HIRE,60,$199/mo Growth,Offer DOT Record Monitor $29/mo,"CSA areas, reports, multi-user — growing fleet (fits Growth $199)",https://safer.fmcsa.dot.gov/query.asp?searchtype=ANY&query_type=queryCarrierSnapshot&query_param=USDOT&query_string=14549
Starter,High,YODER LUMBER LOGISTICS LTD,YODER LUMBER LOGISTICS LTD,14699,9,9,TRENT YODER,3308933121,Bradm@yoderlumber.com,MILLERSBURG,OH,44654,4515 TR 367,S,No,AUTHORIZED FOR HIRE,120,$99/mo Starter,Mention Monitor after trial activation,Expiration tracking + document vault for small fleet (fits Starter $99),https://safer.fmcsa.dot.gov/query.asp?searchtype=ANY&query_type=queryCarrierSnapshot&query_param=USDOT&query_string=14699
Fleet,High,MILK TRANSPORTATION LLC,MILK TRANSPORTATION LLC,14762,198,214,JOSEPH L CARSON,7403250069,JEFFWEEKLEY@UNITEDDAIRY.COM,MARTINS FERRY,OH,43935,300 NORTH 5TH STREET,S,No,AUTHORIZED FOR HIRE,90,$299/mo Fleet,Offer DOT Record Monitor $29/mo,"Unlimited seats, reports, integrations + Monitor (fits Fleet $299)",https://safer.fmcsa.dot.gov/query.asp?searchtype=ANY&query_type=queryCarrierSnapshot&query_param=USDOT&query_string=14762
Fleet,High,THE SYGMA NETWORK,THE SYGMA NETWORK INC,14811,977,1700,SUSAN PAUL,6147342500,DOT.compliance@sysco.com,DUBLIN,OH,43017,5550 BLAZER PARKWAY SUITE 300,S,Yes,PRIVATE PROPERTY;AUTHORIZED FOR HIRE,95,$299/mo Fleet,Offer DOT Record Monitor $29/mo,"Unlimited seats, reports, integrations + Monitor (fits Fleet $299)",https://safer.fmcsa.dot.gov/query.asp?searchtype=ANY&query_type=queryCarrierSnapshot&query_param=USDOT&query_string=14811
Starter,High,MILLER-BOWIE SUPPLY,MILLER-BOWIE SUPPLY CO,14868,9,4,TREY GAGE,9037943631,generalmanager@millerbowiesupply.com,TEXARKANA,TX,75501-5435,1007 W 3RD ST,S,Yes,PRIVATE PROPERTY;AUTHORIZED FOR HIRE,90,$99/mo Starter,Mention Monitor after trial activation,Expiration tracking + document vault for small fleet (fits Starter $99),https://safer.fmcsa.dot.gov/query.asp?searchtype=ANY&query_type=queryCarrierSnapshot&query_param=USDOT&query_string=14868
Starter,High,DIMON & BACORN COMPANY OF BINGHAMTON,PETTIS MOVING CO INC,15010,8,3,JESSICA CARY,6077980099,jcary@dimonandbacorn.com,VESTAL,NY,13850,444 COMMERCE ROAD,S,No,AUTHORIZED FOR HIRE,90,$99/mo Starter,Mention Monitor after trial activation,Expiration tracking + document vault for small fleet (fits Starter $99),https://safer.fmcsa.dot.gov/query.asp?searchtype=ANY&query_type=queryCarrierSnapshot&query_param=USDOT&query_string=15010
Starter,High,CARBONIC SYSTEMS INCORPORATED,CARBONIC SYSTEMS INCORPORATED,15013,6,6,TIMOTHY G KRUSEN,6077346582,tkrusen@carbonic.com,ELMIRA,NY,14901-1576,905 LACKAWANNA AVE,None listed,Yes,PRIVATE PROPERTY;AUTHORIZED FOR HIRE,95,$99/mo Starter,Mention Monitor after trial activation,Expiration tracking + document vault for small fleet (fits Starter $99),https://safer.fmcsa.dot.gov/query.asp?searchtype=ANY&query_type=queryCarrierSnapshot&query_param=USDOT&query_string=15013
Growth,High,ROGERS SERVICE GROUP INC,ROGERS SERVICE GROUP INC,15059,21,15,RON ROGERS,6077977333,rwarner@rogersservicegroup.com,BINGHAMTON,NY,13905-2128,245 CLINTON ST,S,Yes,AUTHORIZED FOR HIRE,95,$199/mo Growth,Offer DOT Record Monitor $29/mo,"CSA areas, reports, multi-user — growing fleet (fits Growth $199)",https://safer.fmcsa.dot.gov/query.asp?searchtype=ANY&query_type=queryCarrierSnapshot&query_param=USDOT&query_string=15059
Growth,High,LYNN H SCOTT INC,LYNN H SCOTT INC,15082,20,20,CORTNEY GIARRUSSO,3153381085,CSCOTT@LYNNHSCOTT.COM,BLOSSVALE,NY,13308,8830 BLOSSVALE RD,S,No,AUTHORIZED FOR HIRE,65,$199/mo Growth,Offer DOT Record Monitor $29/mo,"CSA areas, reports, multi-user — growing fleet (fits Growth $199)",https://safer.fmcsa.dot.gov/query.asp?searchtype=ANY&query_type=queryCarrierSnapshot&query_param=USDOT&query_string=15082
Starter,High,SHEARER'S EXPRESS INC,SUNCREST TRANSPORTATION INC,15087,7,5,RICHARD WARNER,6074322440,INFO@SHEARERSEXPRESS.COM,ONEONTA,NY,13820,2 BRIDGE AVENUE,S,No,AUTHORIZED FOR HIRE,120,$99/mo Starter,Mention Monitor after trial activation,Expiration tracking + document vault for small fleet (fits Starter $99),https://safer.fmcsa.dot.gov/query.asp?searchtype=ANY&query_type=queryCarrierSnapshot&query_param=USDOT&query_string=15087
Growth,High,SHAFER'S TOUR & CHARTER,SOUTHERN TIER STAGES INC,15092,11,20,ROBERT SHAFER JR.,6077972006,TIM@SHAFERBUS.COM,ENDICOTT,NY,13760,500 NORTH ST,S,No,AUTHORIZED FOR HIRE,65,$199/mo Growth,Offer DOT Record Monitor $29/mo,"CSA areas, reports, multi-user — growing fleet (fits Growth $199)",https://safer.fmcsa.dot.gov/query.asp?searchtype=ANY&query_type=queryCarrierSnapshot&query_param=USDOT&query_string=15092
Starter,Medium,M & S EXPRESS INC,M & S EXPRESS INC,15105,8,5,ARTHUR BINKOWSKI,7813958772,art@mnsexpress.com,NORTH READING,MA,01864,94 MAIN ST,S,Yes,AUTHORIZED FOR HIRE,120,$99/mo Starter,Mention Monitor after trial activation,Expiration tracking + document vault for small fleet (fits Starter $99),https://safer.fmcsa.dot.gov/query.asp?searchtype=ANY&query_type=queryCarrierSnapshot&query_param=USDOT&query_string=15105
Starter,Medium,MADIGAN LIME CORPORATION,J C MADIGAN INC,15111,10,7,TIMOTHY MADIGAN,9788472900,JCM2067@AOL.COM,LANCASTER,MA,01523,450 OLD UNION TURNPIKE,C,No,PRIVATE PROPERTY;AUTHORIZED FOR HIRE,95,$99/mo Starter,Mention Monitor after trial activation,Expiration tracking + document vault for small fleet (fits Starter $99),https://safer.fmcsa.dot.gov/query.asp?searchtype=ANY&query_type=queryCarrierSnapshot&query_param=USDOT&query_string=15111
Starter,Medium,MARTELL MOTOR EXPRESS,MARTELL MOTOR EXPRESS,15123,6,8,CHARLES F MARTELL,9786638223,,TYNGSBORO,MA,01879,5A TRADER CIRCLE,S,Yes,AUTHORIZED FOR HIRE,110,$99/mo Starter,Mention Monitor after trial activation,Expiration tracking + document vault for small fleet (fits Starter $99),https://safer.fmcsa.dot.gov/query.asp?searchtype=ANY&query_type=queryCarrierSnapshot&query_param=USDOT&query_string=15123
Growth,Medium,MARTINEAU'S TOWING SERVICE INC,MARTINEAU GARAGE INC,15126,16,10,JUSTIN MARTINEAU,9786829382,Jrmartineau1988@gmail.com,METHUEN,MA,01844,27 HAVERHILL STREET,S,Yes,PRIVATE PROPERTY;AUTHORIZED FOR HIRE,95,$199/mo Growth,Offer DOT Record Monitor $29/mo,"CSA areas, reports, multi-user — growing fleet (fits Growth $199)",https://safer.fmcsa.dot.gov/query.asp?searchtype=ANY&query_type=queryCarrierSnapshot&query_param=USDOT&query_string=15126
Starter,Medium,R C MASON MOVERS INC,R C MASON MOVERS INC,15127,9,9,JEFFREY MASON,9785350233,jmason@rcmasonmovers.com,PEABODY,MA,01960-1315,229 NEWBURY ST,None listed,No,AUTHORIZED FOR HIRE,65,$99/mo Starter,Mention Monitor after trial activation,Expiration tracking + document vault for small fleet (fits Starter $99),https://safer.fmcsa.dot.gov/query.asp?searchtype=ANY&query_type=queryCarrierSnapshot&query_param=USDOT&query_string=15127
Starter,Medium,VENTURA GRAIN CO INC,VENTURA GRAIN CO INC,15150,6,4,GEORGE LEWIS,5088247292,BUSINESSOFFICE@VENTURAGRAININC.COM,TAUNTON,MA,02780,148 LONGMEADOW ROAD,S,No,PRIVATE PROPERTY;AUTHORIZED FOR HIRE,65,$99/mo Starter,Mention Monitor after trial activation,Expiration tracking + document vault for small fleet (fits Starter $99),https://safer.fmcsa.dot.gov/query.asp?searchtype=ANY&query_type=queryCarrierSnapshot&query_param=USDOT&query_string=15150
Fleet,High,MIRABITO ENERGY PRODUCTS,MIRABITO HOLDINGS INC,15229,291,260,JOSEPH MIRABITO,6073522800,sara.pasterchik@mirabito.com,BINGHAMTON,NY,13902,49 COURT ST,S,Yes,PRIVATE PROPERTY;AUTHORIZED FOR HIRE;EXEMPT FOR HIRE,65,$299/mo Fleet,Offer DOT Record Monitor $29/mo,"Unlimited seats, reports, integrations + Monitor (fits Fleet $299)",https://safer.fmcsa.dot.gov/query.asp?searchtype=ANY&query_type=queryCarrierSnapshot&query_param=USDOT&query_string=15229
Growth,High,O'BRIEN TRUCKING CO INC,O'BRIEN TRUCKING CO INC,15278,12,12,,3156996772,,MANNSVILLE,NY,13661-4253,254 GREENE POINT RD,None listed,No,AUTHORIZED FOR HIRE,110,$199/mo Growth,Offer DOT Record Monitor $29/mo,"CSA areas, reports, multi-user — growing fleet (fits Growth $199)",https://safer.fmcsa.dot.gov/query.asp?searchtype=ANY&query_type=queryCarrierSnapshot&query_param=USDOT&query_string=15278
Growth,High,ONONDAGA COACH TOURS,ONONDAGA COACH CORP,15288,16,26,F. JOHN KRUGER IV,3152552216,CHARTERS@ONONDAGACOACH.COM,AUBURN,NY,13021-0277,7659 NORTH STREET ROAD,S,No,AUTHORIZED FOR HIRE,65,$199/mo Growth,Offer DOT Record Monitor $29/mo,"CSA areas, reports, multi-user — growing fleet (fits Growth $199)",https://safer.fmcsa.dot.gov/query.asp?searchtype=ANY&query_type=queryCarrierSnapshot&query_param=USDOT&query_string=15288
Growth,High,TO-JON TRUCKING INC,TO-JON TRUCKING INC,15354,12,9,,5165367848,,OCEANSIDE,NY,11572-4802,480 BROWN CT,None listed,No,AUTHORIZED FOR HIRE,110,$199/mo Growth,Offer DOT Record Monitor $29/mo,"CSA areas, reports, multi-user — growing fleet (fits Growth $199)",https://safer.fmcsa.dot.gov/query.asp?searchtype=ANY&query_type=queryCarrierSnapshot&query_param=USDOT&query_string=15354
Growth,High,KNIGHT CONST & SUPPLY INC,KNIGHT CONST & SUPPLY INC,15441,33,21,DOUGLAS J. KNIGHT,5092762229,rklindtworth@KNIGHTCONST.COM,DEER PARK,WA,99006-8357,2601 E 6TH STREET,C,No,PRIVATE PROPERTY;LOCAL GOVERNMENT;STATE GOVERNMENT;AUTHORIZED FOR HIRE;FEDERAL GOVERNMENT,95,$199/mo Growth,Offer DOT Record Monitor $29/mo,"CSA areas, reports, multi-user — growing fleet (fits Growth $199)",https://safer.fmcsa.dot.gov/query.asp?searchtype=ANY&query_type=queryCarrierSnapshot&query_param=USDOT&query_string=15441
Growth,Medium,WILLIAM V LOWRY & SON TRUCKING LLC,WILLIAM V LOWRY & SON TRUCKING LLC,15509,16,9,TIFFANY CANDLER,2088751560,LOWRYTRUCKING@POTLATCH.COM,PRINCETON,ID,83857,1005 REYNOLDS ROAD,S,Yes,AUTHORIZED FOR HIRE;EXEMPT FOR HIRE,90,$199/mo Growth,Offer DOT Record Monitor $29/mo,"CSA areas, reports, multi-user — growing fleet (fits Growth $199)",https://safer.fmcsa.dot.gov/query.asp?searchtype=ANY&query_type=queryCarrierSnapshot&query_param=USDOT&query_string=15509
Fleet,High,GERDAU,GERDAU AMERISTEEL US INC,15802,89,65,CHIA YUAN WANG,8262534643,matthew.obryan@gerdau.com,ROANOKE,VA,24014,2580 BROADWAY AVE SW,S,Yes,PRIVATE PROPERTY;AUTHORIZED FOR HIRE,65,$299/mo Fleet,Offer DOT Record Monitor $29/mo,"Unlimited seats, reports, integrations + Monitor (fits Fleet $299)",https://safer.fmcsa.dot.gov/query.asp?searchtype=ANY&query_type=queryCarrierSnapshot&query_param=USDOT&query_string=15802
Growth,High,GRIFFIN FERTILIZER COMPANY,BEN HILL GRIFFIN INC,15877,26,16,CHARLES W BROWN JR,8636352251,wbrown@BHGRIFFIN.COM,FROSTPROOF,FL,33843-0127,700 S SCENIC HWY,None listed,Yes,PRIVATE PROPERTY;AUTHORIZED FOR HIRE,65,$199/mo Growth,Offer DOT Record Monitor $29/mo,"CSA areas, reports, multi-user — growing fleet (fits Growth $199)",https://safer.fmcsa.dot.gov/query.asp?searchtype=ANY&query_type=queryCarrierSnapshot&query_param=USDOT&query_string=15877
Growth,High,ORION MARINE CONSTRUCTION INC,ORION MARINE CONSTRUCTION INC,16060,11,11,ANDREW  MANNINO,8138398441,kbell@orionmarinegroup.com,TAMPA,FL,33616,5600 W COMMERCE STREET,S,Yes,PRIVATE PROPERTY;AUTHORIZED FOR HIRE;EXEMPT FOR HIRE,95,$199/mo Growth,Offer DOT Record Monitor $29/mo,"CSA areas, reports, multi-user — growing fleet (fits Growth $199)",https://safer.fmcsa.dot.gov/query.asp?searchtype=ANY&query_type=queryCarrierSnapshot&query_param=USDOT&query_string=16060
Fleet,High,RYDER,RYDER TRUCK RENTAL INC,16130,59883,328,JAMES  FINLAY,7862471987,jfinley@ryder.com,CORAL GABLES,FL,33134,2333 PONCE DE LEON BLVD,S,No,PRIVATE PROPERTY,45,$299/mo Fleet,Offer DOT Record Monitor $29/mo,"Unlimited seats, reports, integrations + Monitor (fits Fleet $299)",https://safer.fmcsa.dot.gov/query.asp?searchtype=ANY&query_type=queryCarrierSnapshot&query_param=USDOT&query_string=16130
Fleet,High,COOKE TRUCKING COMPANY INC,COOKE TRUCKING COMPANY INC,16189,88,130,SHANNON  BRANCH,3367865181,sbranch@cooketrucking.com,MOUNT AIRY,NC,27030,1759 SOUTH ANDY GRIFFITH PKWY,S,No,AUTHORIZED FOR HIRE,120,$299/mo Fleet,Offer DOT Record Monitor $29/mo,"Unlimited seats, reports, integrations + Monitor (fits Fleet $299)",https://safer.fmcsa.dot.gov/query.asp?searchtype=ANY&query_type=queryCarrierSnapshot&query_param=USDOT&query_string=16189
Growth,High,CENTURY SERVICES INC,CENTURY SERVICES INC,16247,33,34,BRANDON HUCKS,8284313304,dpowell@centuryfurniture.com,HICKORY,NC,28601,401 11TH ST NW,S,No,AUTHORIZED FOR HIRE,95,$199/mo Growth,Offer DOT Record Monitor $29/mo,"CSA areas, reports, multi-user — growing fleet (fits Growth $199)",https://safer.fmcsa.dot.gov/query.asp?searchtype=ANY&query_type=queryCarrierSnapshot&query_param=USDOT&query_string=16247
Fleet,High,CAMPBELL SNACKS,SNYDER'S-LANCE INC,16256,114,141,ELIZABETH  DUGGAN,8392435861,david_moore@campbells.com,CHARLOTTE,NC,28273,8600 CRUMP ROAD,S,No,PRIVATE PROPERTY;AUTHORIZED FOR HIRE,95,$299/mo Fleet,Offer DOT Record Monitor $29/mo,"Unlimited seats, reports, integrations + Monitor (fits Fleet $299)",https://safer.fmcsa.dot.gov/query.asp?searchtype=ANY&query_type=queryCarrierSnapshot&query_param=USDOT&query_string=16256
Starter,High,KING HICKORY FURNITURE COMPANY,KING HICKORY FURNITURE COMPANY,16270,6,8,ROBERT E PALMER,8283226025,karen@kinghickory.com,HICKORY,NC,28602-1340,1820 MAIN AVE SE,S,No,PRIVATE PROPERTY;AUTHORIZED FOR HIRE,65,$99/mo Starter,Mention Monitor after trial activation,Expiration tracking + document vault for small fleet (fits Starter $99),https://safer.fmcsa.dot.gov/query.asp?searchtype=ANY&query_type=queryCarrierSnapshot&query_param=USDOT&query_string=16270
Growth,High,HOLLAR & GREENE PRODUCE CO INC,HOLLAR & GREENE PRODUCE CO INC,16348,36,20,TONY GREENE,8282642177,TONYGREENE@HOLLARANDGREENE.COM,BOONE,NC,28607,230 CABBAGE ROW,S,No,AUTHORIZED FOR HIRE;EXEMPT FOR HIRE,95,$199/mo Growth,Offer DOT Record Monitor $29/mo,"CSA areas, reports, multi-user — growing fleet (fits Growth $199)",https://safer.fmcsa.dot.gov/query.asp?searchtype=ANY&query_type=queryCarrierSnapshot&query_param=USDOT&query_string=16348
Fleet,High,HARRIS TEETER LLC,HARRIS TEETER LLC,16362,389,455,TAMMY DEBOER,7048443656,afoard@harristeeter.com,MATTHEWS,NC,28105,701 CRESTDALE RD,S,No,PRIVATE PROPERTY;AUTHORIZED FOR HIRE,95,$299/mo Fleet,Offer DOT Record Monitor $29/mo,"Unlimited seats, reports, integrations + Monitor (fits Fleet $299)",https://safer.fmcsa.dot.gov/query.asp?searchtype=ANY&query_type=queryCarrierSnapshot&query_param=USDOT&query_string=16362
Growth,High,CROWDER CONSTRUCTION COMPANY,CROWDER CONSTRUCTORS INC,16454,13,10,LYNN HANSEN,7043723541,,CHARLOTTE,NC,28216,6425 BROOKSHIRE BLVD,C,No,PRIVATE PROPERTY;AUTHORIZED FOR HIRE,55,$199/mo Growth,Offer DOT Record Monitor $29/mo,"CSA areas, reports, multi-user — growing fleet (fits Growth $199)",https://safer.fmcsa.dot.gov/query.asp?searchtype=ANY&query_type=queryCarrierSnapshot&query_param=USDOT&query_string=16454
Growth,High,CRITCHER BROTHERS PRODUCE INC,CRITCHER BROTHERS PRODUCE INC,16456,12,8,ROGER E CRITCHER,8282642669,mough@critcherbrothers.com,DEEP GAP,NC,28618,7467 OLD 421 SOUTH,S,No,AUTHORIZED FOR HIRE,95,$199/mo Growth,Offer DOT Record Monitor $29/mo,"CSA areas, reports, multi-user — growing fleet (fits Growth $199)",https://safer.fmcsa.dot.gov/query.asp?searchtype=ANY&query_type=queryCarrierSnapshot&query_param=USDOT&query_string=16456
Growth,High,TRIPIFOODS INC,TRIPIFOODS INC,16653,33,26,J. ANTHONY BOW,7168537400,TBOW@TRIPIFOODS.COM,BUFFALO,NY,14206-1807,1427 WILLIAM ST,C,No,AUTHORIZED FOR HIRE;EXEMPT FOR HIRE,95,$199/mo Growth,Offer DOT Record Monitor $29/mo,"CSA areas, reports, multi-user — growing fleet (fits Growth $199)",https://safer.fmcsa.dot.gov/query.asp?searchtype=ANY&query_type=queryCarrierSnapshot&query_param=USDOT&query_string=16653
Starter,High,BUSTI LIME SERVICE INC,BUSTI LIME SERVICE INC,16654,5,4,THEODORE  ELLIS,17164840859,bustilimesvc@hotmail.com,JAMESTOWN,NY,14701-9513,3641 LAWSON RD,S,No,PRIVATE PROPERTY;AUTHORIZED FOR HIRE,55,$99/mo Starter,Mention Monitor after trial activation,Expiration tracking + document vault for small fleet (fits Starter $99),https://safer.fmcsa.dot.gov/query.asp?searchtype=ANY&query_type=queryCarrierSnapshot&query_param=USDOT&query_string=16654
Starter,High,RADIAC ENVIRONMENTAL SERVICES,RADIAC RESEARCH CORPORATION,16758,5,4,ARTHUR F. GREEN,7189632233,JTEKIN@RADIACENV.COM,BROOKLYN,NY,11249-4120,261 KENT AVENUE,S,Yes,AUTHORIZED FOR HIRE,95,$99/mo Starter,Mention Monitor after trial activation,Expiration tracking + document vault for small fleet (fits Starter $99),https://safer.fmcsa.dot.gov/query.asp?searchtype=ANY&query_type=queryCarrierSnapshot&query_param=USDOT&query_string=16758
Growth,High,INGREDIENTS PLUS LOGISTICS LLC,INGREDIENTS PLUS LOGISTICS LLC,16802,48,43,VICTOR PACHECO,5853462318,victor.pacheco@asr-group.com,LAKEVILLE,NY,14480,5768 SWEETENERS BLVD,S,No,AUTHORIZED FOR HIRE,90,$199/mo Growth,Offer DOT Record Monitor $29/mo,"CSA areas, reports, multi-user — growing fleet (fits Growth $199)",https://safer.fmcsa.dot.gov/query.asp?searchtype=ANY&query_type=queryCarrierSnapshot&query_param=USDOT&query_string=16802
Growth,High,BEDORE TOURS INC,BEDORE TOURS INC,16811,13,11,JOHN O'HEAR,7166963200,COREY SCHRAMM COREYS@BEDORETOURS.COM,NORTH TONAWANDA,NY,14120,2968 NIAGARA FALLS BLVD,S,No,AUTHORIZED FOR HIRE,65,$199/mo Growth,Offer DOT Record Monitor $29/mo,"CSA areas, reports, multi-user — growing fleet (fits Growth $199)",https://safer.fmcsa.dot.gov/query.asp?searchtype=ANY&query_type=queryCarrierSnapshot&query_param=USDOT&query_string=16811
Starter,High,NASSAU WORLD WIDE MOVERS INC,NASSAU WORLD WIDE MOVERS INC,16815,9,3,MICHAEL NIGRO,6314913600,JCAMPO@nwwm.net,WEST BABYLON,NY,11704,63 LAMAR STREET,None listed,No,AUTHORIZED FOR HIRE,60,$99/mo Starter,Mention Monitor after trial activation,Expiration tracking + document vault for small fleet (fits Starter $99),https://safer.fmcsa.dot.gov/query.asp?searchtype=ANY&query_type=queryCarrierSnapshot&query_param=USDOT&query_string=16815
Fleet,High,HERMANN TRANSPORTATION SERVICES,HERMANN FORWARDING CO,17093,163,149,RICHARD F HERMANN,7322974400,rfhermann@hermanntds.com,MONMOUTH JUNCTION,NJ,08852,21 DISTRIBUTION WAY,S,Yes,AUTHORIZED FOR HIRE,120,$299/mo Fleet,Offer DOT Record Monitor $29/mo,"Unlimited seats, reports, integrations + Monitor (fits Fleet $299)",https://safer.fmcsa.dot.gov/query.asp?searchtype=ANY&query_type=queryCarrierSnapshot&query_param=USDOT&query_string=17093
Fleet,High,RIGGINS INC,RIGGINS INC,17279,108,70,STEVEN D. RIGGINS,6098257600,RCUMMINES@RIGGINSOIL.COM,VINELAND,NJ,08360,3938 SOUTH MAIN ROAD,S,Yes,PRIVATE PROPERTY;AUTHORIZED FOR HIRE,65,$299/mo Fleet,Offer DOT Record Monitor $29/mo,"Unlimited seats, reports, integrations + Monitor (fits Fleet $299)",https://safer.fmcsa.dot.gov/query.asp?searchtype=ANY&query_type=queryCarrierSnapshot&query_param=USDOT&query_string=17279
Starter,Medium,EDMOND PLANTE & SON INC,EDMOND PLANTE & SON INC,17303,5,3,RONALD PLANTE,8027662468,Truckin1@myfairpoint.net,DERBY,VT,05829,388 VT RT 111,S,No,AUTHORIZED FOR HIRE,65,$99/mo Starter,Mention Monitor after trial activation,Expiration tracking + document vault for small fleet (fits Starter $99),https://safer.fmcsa.dot.gov/query.asp?searchtype=ANY&query_type=queryCarrierSnapshot&query_param=USDOT&query_string=17303
Growth,Medium,CERSOSIMO LUMBER CO,CERSOSIMO LUMBER CO,17324,15,13,MICHAEL CERSOSIMO,8022544508,chartle@cersosimo.com,BRATTLEBORO,VT,05301,1103 VERNON ST,S,No,AUTHORIZED FOR HIRE,65,$199/mo Growth,Offer DOT Record Monitor $29/mo,"CSA areas, reports, multi-user — growing fleet (fits Growth $199)",https://safer.fmcsa.dot.gov/query.asp?searchtype=ANY&query_type=queryCarrierSnapshot&query_param=USDOT&query_string=17324
Growth,Medium,JOSEPH P CARRARA & SONS INC,JOSEPH P CARRARA & SONS INC,17328,36,35,ROBERT CARRARA JR,8027752301,shanew@jpcarrara.com,N CLARENDON,VT,05759-0060,167 N SHREWSBURY RD,S,No,PRIVATE PROPERTY;AUTHORIZED FOR HIRE,65,$199/mo Growth,Offer DOT Record Monitor $29/mo,"CSA areas, reports, multi-user — growing fleet (fits Growth $199)",https://safer.fmcsa.dot.gov/query.asp?searchtype=ANY&query_type=queryCarrierSnapshot&query_param=USDOT&query_string=17328
Growth,Medium,F EDWIN SMYTH & SON INC,F EDWIN SMYTH & SON INC,17471,44,44,ROBERT SMYTH,8606238775,rsmyth@smythbus.com,ENFIELD,CT,06082,25 DEPOT HILL ROAD,S,No,AUTHORIZED FOR HIRE,65,$199/mo Growth,Offer DOT Record Monitor $29/mo,"CSA areas, reports, multi-user — growing fleet (fits Growth $199)",https://safer.fmcsa.dot.gov/query.asp?searchtype=ANY&query_type=queryCarrierSnapshot&query_param=USDOT&query_string=17471
Starter,Medium,STANLEY BLACK & DECKER INC,STANLEY BLACK & DECKER INC,17484,8,28,DON  ALLEN,6149759768,kelley.dorst@sbdinc.com,NEW BRITAIN,CT,06053,1000 STANLEY DRIVE,None listed,No,PRIVATE PROPERTY;AUTHORIZED FOR HIRE,95,$99/mo Starter,Mention Monitor after trial activation,Expiration tracking + document vault for small fleet (fits Starter $99),https://safer.fmcsa.dot.gov/query.asp?searchtype=ANY&query_type=queryCarrierSnapshot&query_param=USDOT&query_string=17484
Growth,Medium,POST ROAD STAGES INC,POST ROAD STAGES INC,17493,12,23,JEFF A. MYERS,8606441531,JEFF@POSTROADSTAGES.COM,SOUTH WINDSOR,CT,06074-2038,1105 STRONG RD,S,No,AUTHORIZED FOR HIRE,65,$199/mo Growth,Offer DOT Record Monitor $29/mo,"CSA areas, reports, multi-user — growing fleet (fits Growth $199)",https://safer.fmcsa.dot.gov/query.asp?searchtype=ANY&query_type=queryCarrierSnapshot&query_param=USDOT&query_string=17493
Growth,Medium,ROGOVIN MOVING & STORAGE COMPANY INC,ROGOVIN MOVING & STORAGE COMPANY INC,17523,12,9,AARON  ROGOVIN,8604438423,rogovinmoving@snet.net,NEW LONDON,CT,06320,354 COLMAN ST,S,No,AUTHORIZED FOR HIRE,65,$199/mo Growth,Offer DOT Record Monitor $29/mo,"CSA areas, reports, multi-user — growing fleet (fits Growth $199)",https://safer.fmcsa.dot.gov/query.asp?searchtype=ANY&query_type=queryCarrierSnapshot&query_param=USDOT&query_string=17523
Fleet,Medium,SALTER'S EXPRESS CO INC,SALTER'S EXPRESS CO INC,17537,75,59,JAMES P. SALTER,8606513311,jr@saltersexpress.com,SIMSBURY,CT,06070,119 WEST STREET,S,No,AUTHORIZED FOR HIRE,90,$299/mo Fleet,Offer DOT Record Monitor $29/mo,"Unlimited seats, reports, integrations + Monitor (fits Fleet $299)",https://safer.fmcsa.dot.gov/query.asp?searchtype=ANY&query_type=queryCarrierSnapshot&query_param=USDOT&query_string=17537
Starter,High,FOOSE TRANSPORT INC,FOOSE TRANSPORT INC,17661,6,5,WILLIAM  FOOSE,9738081764,foosetrans1@aol.com,FAIRFIELD,NJ,07004,26 M COMMERCE ROAD,S,No,AUTHORIZED FOR HIRE,120,$99/mo Starter,Mention Monitor after trial activation,Expiration tracking + document vault for small fleet (fits Starter $99),https://safer.fmcsa.dot.gov/query.asp?searchtype=ANY&query_type=queryCarrierSnapshot&query_param=USDOT&query_string=17661
Fleet,High,FOOD HAULERS INC,FOOD HAULERS INC,17669,337,410,MIKE STIGERS,9085277567,OLAF.FURTIG@WAKEFERN.COM,ELIZABETH,NJ,07207,505 DIVISION STREET,S,No,AUTHORIZED FOR HIRE,120,$299/mo Fleet,Offer DOT Record Monitor $29/mo,"Unlimited seats, reports, integrations + Monitor (fits Fleet $299)",https://safer.fmcsa.dot.gov/query.asp?searchtype=ANY&query_type=queryCarrierSnapshot&query_param=USDOT&query_string=17669
Fleet,Medium,MEYER,WILLIAM B MEYERINC,17847,65,99,JOHN  MAZZELLA,2033836286,,STRATFORD,CT,06615,255 LONG BEACH BLVD,S,No,AUTHORIZED FOR HIRE,85,$299/mo Fleet,Offer DOT Record Monitor $29/mo,"Unlimited seats, reports, integrations + Monitor (fits Fleet $299)",https://safer.fmcsa.dot.gov/query.asp?searchtype=ANY&query_type=queryCarrierSnapshot&query_param=USDOT&query_string=17847
Fleet,Medium,CUMBERLAND FARMS INC,CUMBERLAND FARMS INC,17902,116,206,RUSSELL COLACO,5082707203,peter.mastrodomenico@eg-america.com,WESTBORO,MA,01581,165 FLANDERS ROAD,S,Yes,PRIVATE PROPERTY;AUTHORIZED FOR HIRE;EXEMPT FOR HIRE,95,$299/mo Fleet,Offer DOT Record Monitor $29/mo,"Unlimited seats, reports, integrations + Monitor (fits Fleet $299)",https://safer.fmcsa.dot.gov/query.asp?searchtype=ANY&query_type=queryCarrierSnapshot&query_param=USDOT&query_string=17902
Starter,Medium,COAN TRANSPORTATION INC,COAN TRANSPORTATION INC,18006,7,6,ROBYN  ARNOLD,5089540094,salvoni11@aol.com,NATICK,MA,01760,194 WEST CENTRAL ST,S,Yes,AUTHORIZED FOR HIRE,120,$99/mo Starter,Mention Monitor after trial activation,Expiration tracking + document vault for small fleet (fits Starter $99),https://safer.fmcsa.dot.gov/query.asp?searchtype=ANY&query_type=queryCarrierSnapshot&query_param=USDOT&query_string=18006
Growth,High,LICTUS KEYSTONE INC,LICTUS KEYSTONE INC,18148,23,24,JAMES D LICTUS,7163556363,lictuskeystone@worldconnx.net,CLYMER,NY,14724,8799 W MAIN ST,S,Yes,PRIVATE PROPERTY;AUTHORIZED FOR HIRE,65,$199/mo Growth,Offer DOT Record Monitor $29/mo,"CSA areas, reports, multi-user — growing fleet (fits Growth $199)",https://safer.fmcsa.dot.gov/query.asp?searchtype=ANY&query_type=queryCarrierSnapshot&query_param=USDOT&query_string=18148
Fleet,Medium,RUDY'S LIMOUSINE SERVICE INC,RUDY'S LIMOUSINE SERVICE INC,18154,70,90,FRANK BOSCH,2036098002,frankb@rudylimo.com,GREENWICH,CT,06878,17 WILMOT LN,None listed,No,AUTHORIZED FOR HIRE,65,$299/mo Fleet,Offer DOT Record Monitor $29/mo,"Unlimited seats, reports, integrations + Monitor (fits Fleet $299)",https://safer.fmcsa.dot.gov/query.asp?searchtype=ANY&query_type=queryCarrierSnapshot&query_param=USDOT&query_string=18154
Starter,Medium,THOMAS DICENZO INC,THOMAS DICENZO INC,18921,5,7,WILLIAM DELMONACO JR.,2078480914,tony@tdicenzo.com,HERMON,ME,04401,56 DAVES WAY,None listed,Yes,AUTHORIZED FOR HIRE,95,$99/mo Starter,Mention Monitor after trial activation,Expiration tracking + document vault for small fleet (fits Starter $99),https://safer.fmcsa.dot.gov/query.asp?searchtype=ANY&query_type=queryCarrierSnapshot&query_param=USDOT&query_string=18921
Growth,Medium,LOOK LOBSTER CO,O W & B S LOOK CO INC,18928,11,8,BERT S LOOK III,2074972353,LOOKLOBSTER@gmail.com,JONESPORT,ME,04649,32 OLD HOUSE POINT,None listed,No,PRIVATE PROPERTY;AUTHORIZED FOR HIRE;OTHER-B & C,95,$199/mo Growth,Offer DOT Record Monitor $29/mo,"CSA areas, reports, multi-user — growing fleet (fits Growth $199)",https://safer.fmcsa.dot.gov/query.asp?searchtype=ANY&query_type=queryCarrierSnapshot&query_param=USDOT&query_string=18928
Starter,High,LITTLEFIELD FAMILY TRUCKING,LML LOGISTICS LLC,18944,10,16,DEBORAH PUTNAM,3522379799,lmllogistics12@GMAIL.COM,OCALA,FL,34482,411 NW 106TH AVE,S,No,AUTHORIZED FOR HIRE,120,$99/mo Starter,Mention Monitor after trial activation,Expiration tracking + document vault for small fleet (fits Starter $99),https://safer.fmcsa.dot.gov/query.asp?searchtype=ANY&query_type=queryCarrierSnapshot&query_param=USDOT&query_string=18944
Starter,Medium,HUSSEY SEATING COMPANY INC,HUSSEY SEATING COMPANY INC,18997,5,3,BRIAN DEVEAUX,2076760341,JPERRY@husseyseating.com,NORTH BERWICK,ME,03906,38 DYER ST EXT,None listed,No,AUTHORIZED FOR HIRE,95,$99/mo Starter,Mention Monitor after trial activation,Expiration tracking + document vault for small fleet (fits Starter $99),https://safer.fmcsa.dot.gov/query.asp?searchtype=ANY&query_type=queryCarrierSnapshot&query_param=USDOT&query_string=18997
Growth,Medium,MYSTIC MOTOR TRANSP COMPANY INC,MYSTIC MOTOR TRANSP COMPANY INC,19148,14,15,PETER  J. DALY JR,9786675656,info@mysticmotortrans.com,BILLERICA,MA,01821-0782,3 EVERREADY CIRCLE,None listed,Yes,AUTHORIZED FOR HIRE,65,$199/mo Growth,Offer DOT Record Monitor $29/mo,"CSA areas, reports, multi-user — growing fleet (fits Growth $199)",https://safer.fmcsa.dot.gov/query.asp?searchtype=ANY&query_type=queryCarrierSnapshot&query_param=USDOT&query_string=19148
Growth,Medium,WALKER CRANE & RIGGING CORP,WALKER CRANE & RIGGING CORP,19384,20,20,STEVEN LAGANAS,8607939866,atbartlett@walkercrane.com,PLAINVILLE,CT,06062,50 FARMINGTON VALLEY DRIVE,S,No,AUTHORIZED FOR HIRE,95,$199/mo Growth,Offer DOT Record Monitor $29/mo,"CSA areas, reports, multi-user — growing fleet (fits Growth $199)",https://safer.fmcsa.dot.gov/query.asp?searchtype=ANY&query_type=queryCarrierSnapshot&query_param=USDOT&query_string=19384
Fleet,Medium,COACH USA,POWDER RIVER TRANSPORTATION SERVICES INC,19446,52,72,JENNIFER STEIN,3074870653,Jen.stein@coachusa.com,GILLETTE,WY,82716-3012,1700 E HIGHWAY 14/16,S,No,AUTHORIZED FOR HIRE,90,$299/mo Fleet,Offer DOT Record Monitor $29/mo,"Unlimited seats, reports, integrations + Monitor (fits Fleet $299)",https://safer.fmcsa.dot.gov/query.asp?searchtype=ANY&query_type=queryCarrierSnapshot&query_param=USDOT&query_string=19446
Growth,Medium,HEARTH & HOME TECHNOLOGIES LLC,HEARTH & HOME TECHNOLOGIES LLC,19459,17,32,BRIAN SMITH,9529856000,bauermi@hearthnhome.com,LAKEVILLE,MN,55044,7571 215TH STREET WEST,S,No,PRIVATE PROPERTY;AUTHORIZED FOR HIRE,65,$199/mo Growth,Offer DOT Record Monitor $29/mo,"CSA areas, reports, multi-user — growing fleet (fits Growth $199)",https://safer.fmcsa.dot.gov/query.asp?searchtype=ANY&query_type=queryCarrierSnapshot&query_param=USDOT&query_string=19459
Starter,High,TARTAGLIA RAILROAD SERVICES INC,TRS EQUIPMENT LLC,19508,7,5,JEB STOTTER,3154550100,office@tartagliarail.com,SYRACUSE,NY,13211,5867 E MOLLOY RD,S,No,PRIVATE PROPERTY;AUTHORIZED FOR HIRE,95,$99/mo Starter,Mention Monitor after trial activation,Expiration tracking + document vault for small fleet (fits Starter $99),https://safer.fmcsa.dot.gov/query.asp?searchtype=ANY&query_type=queryCarrierSnapshot&query_param=USDOT&query_string=19508
Growth,High,SEA JET TRUCKING & APA WAREHOUSES,AMF TRUCKING AND WAREHOUSING INC,19593,29,29,ERIKA ESPINDOLA,7325414800,ERIKA@SEA-JET.COM,EDISON,NJ,08817,35 BRUNSWICK AVENUE,S,No,AUTHORIZED FOR HIRE,120,$199/mo Growth,Offer DOT Record Monitor $29/mo,"CSA areas, reports, multi-user — growing fleet (fits Growth $199)",https://safer.fmcsa.dot.gov/query.asp?searchtype=ANY&query_type=queryCarrierSnapshot&query_param=USDOT&query_string=19593
Fleet,Medium,MATSON,MATSON NAVIGATION COMPANY OF ALASKA LLC,19594,130,190,MONIQUE  CORTEZ,9072635045,mcortez@matson.com,ANCHORAGE,AK,99501,1717 TIDEWATER ROAD,S,Yes,AUTHORIZED FOR HIRE,95,$299/mo Fleet,Offer DOT Record Monitor $29/mo,"Unlimited seats, reports, integrations + Monitor (fits Fleet $299)",https://safer.fmcsa.dot.gov/query.asp?searchtype=ANY&query_type=queryCarrierSnapshot&query_param=USDOT&query_string=19594
Fleet,High,GEORGE HILDEBRANDT INC,GEORGE HILDEBRANDT INC,19632,140,140,JARUE M HAYES,5188513861,JOANN@GHITRUCKING.COM,HUDSON,NY,12534,412 STONE MILL ROAD,S,No,AUTHORIZED FOR HIRE,65,$299/mo Fleet,Offer DOT Record Monitor $29/mo,"Unlimited seats, reports, integrations + Monitor (fits Fleet $299)",https://safer.fmcsa.dot.gov/query.asp?searchtype=ANY&query_type=queryCarrierSnapshot&query_param=USDOT&query_string=19632
Starter,Medium,LOOMIS TRUCKING,JOHN R LOOMIS INC,19721,8,8,ROBERT  LOOMIS,5186420500,jrloomis@comcast.net,WEST PAWLET,VT,05775,1121 VT RT 149,S,No,AUTHORIZED FOR HIRE,120,$99/mo Starter,Mention Monitor after trial activation,Expiration tracking + document vault for small fleet (fits Starter $99),https://safer.fmcsa.dot.gov/query.asp?searchtype=ANY&query_type=queryCarrierSnapshot&query_param=USDOT&query_string=19721
Starter,High,CLIFFORD C HAY INC,CLIFFORD C HAY INC,19738,6,3,CLIFFORD C. HAY II,5182342044,CliffordCHayInc@Gmail.com,COBLESKILL,NY,12043,686 EAST MAIN STREET,S,No,AUTHORIZED FOR HIRE,95,$99/mo Starter,Mention Monitor after trial activation,Expiration tracking + document vault for small fleet (fits Starter $99),https://safer.fmcsa.dot.gov/query.asp?searchtype=ANY&query_type=queryCarrierSnapshot&query_param=USDOT&query_string=19738
Fleet,High,SAFEWAY LOGISTICS SOLUTIONS,SAFEWAY TRUCKING CORPORATION,19811,315,305,GREGG  LUBERTO,9083512800,gluberto@eastcoastwarehouse.com,ELIZABETH,NJ,07201-2905,1140 POLARIS ST,S,No,AUTHORIZED FOR HIRE,120,$299/mo Fleet,Offer DOT Record Monitor $29/mo,"Unlimited seats, reports, integrations + Monitor (fits Fleet $299)",https://safer.fmcsa.dot.gov/query.asp?searchtype=ANY&query_type=queryCarrierSnapshot&query_param=USDOT&query_string=19811
Starter,High,BURLESONS HONEY,BURLESONS INC,19957,5,4,RICHARD CREECY,9729374810,richard@burlesons-honey.com,WAXAHACHIE,TX,75165-2855,301 PETERS ST,S,No,PRIVATE PROPERTY;AUTHORIZED FOR HIRE,65,$99/mo Starter,Mention Monitor after trial activation,Expiration tracking + document vault for small fleet (fits Starter $99),https://safer.fmcsa.dot.gov/query.asp?searchtype=ANY&query_type=queryCarrierSnapshot&query_param=USDOT&query_string=19957
Starter,Medium,B TRANSFER INC,B TRANSFER INC,20016,8,8,ALAN T BERMENSOLO,2085878464,abermensolo@b-transfer.com,MTN HOME,ID,83647,890 WEST 6TH S,None listed,No,AUTHORIZED FOR HIRE,65,$99/mo Starter,Mention Monitor after trial activation,Expiration tracking + document vault for small fleet (fits Starter $99),https://safer.fmcsa.dot.gov/query.asp?searchtype=ANY&query_type=queryCarrierSnapshot&query_param=USDOT&query_string=20016
Growth,Medium,GARY BLICK TRUCKING INC,GARY BLICK TRUCKING INC,20049,26,22,SCOTT BLICK,2085376787,,CASTLEFORD,ID,83321,112 MAIN,S,No,PRIVATE PROPERTY;AUTHORIZED FOR HIRE,110,$199/mo Growth,Offer DOT Record Monitor $29/mo,"CSA areas, reports, multi-user — growing fleet (fits Growth $199)",https://safer.fmcsa.dot.gov/query.asp?searchtype=ANY&query_type=queryCarrierSnapshot&query_param=USDOT&query_string=20049
Growth,Medium,ATLANTIC CARRIERS INC,ATLANTIC CARRIERS INC,20180,34,34,DEB CRAWFORD,7122431258,debbie@atlanticcarriers.com,ATLANTIC,IA,50022,501 ASH STREET,S,No,AUTHORIZED FOR HIRE,120,$199/mo Growth,Offer DOT Record Monitor $29/mo,"CSA areas, reports, multi-user — growing fleet (fits Growth $199)",https://safer.fmcsa.dot.gov/query.asp?searchtype=ANY&query_type=queryCarrierSnapshot&query_param=USDOT&query_string=20180
Fleet,High,GRILEY AIR FREIGHT,SOUTHERN COUNTIES TERMINALS,20214,78,122,CURTIS  HAMILTON,3108631951,curtis@grileyair.com,LOS ANGELES,CA,90045,5341 WEST 104TH STREET,S,Yes,AUTHORIZED FOR HIRE,120,$299/mo Fleet,Offer DOT Record Monitor $29/mo,"Unlimited seats, reports, integrations + Monitor (fits Fleet $299)",https://safer.fmcsa.dot.gov/query.asp?searchtype=ANY&query_type=queryCarrierSnapshot&query_param=USDOT&query_string=20214
Fleet,High,ESTES WEST,G I TRUCKING COMPANY,20293,2304,1915,CURTIS E CARR,7145231122,CURTIS.CARR@ESTES-EXPRESS.COM,LA MIRADA,CA,90638-5617,14727 ALONDRA BLVD,S,Yes,AUTHORIZED FOR HIRE,120,$299/mo Fleet,Offer DOT Record Monitor $29/mo,"Unlimited seats, reports, integrations + Monitor (fits Fleet $299)",https://safer.fmcsa.dot.gov/query.asp?searchtype=ANY&query_type=queryCarrierSnapshot&query_param=USDOT&query_string=20293
Growth,High,REID PETROLEUM LLC,REID PETROLEUM LLC,20402,16,18,ALEXANDER  HARRIS,7164342885,wmcinally@reidpetroleum.com,LOCKPORT,NY,14094-3612,100 W GENESEE ST,None listed,Yes,AUTHORIZED FOR HIRE,65,$199/mo Growth,Offer DOT Record Monitor $29/mo,"CSA areas, reports, multi-user — growing fleet (fits Growth $199)",https://safer.fmcsa.dot.gov/query.asp?searchtype=ANY&query_type=queryCarrierSnapshot&query_param=USDOT&query_string=20402
Starter,High,KUSZLYK MILK HAULING,KUSZLYK MILK HAULING,20445,5,4,MARJORIE A KUSZLYK,5853434800,MAKUSZLYK@AOL.COM,BATAVIA,NY,14020,7982 BATAVIA-BYRON ROAD,C,No,EXEMPT FOR HIRE,40,$99/mo Starter,Mention Monitor after trial activation,Expiration tracking + document vault for small fleet (fits Starter $99),https://safer.fmcsa.dot.gov/query.asp?searchtype=ANY&query_type=queryCarrierSnapshot&query_param=USDOT&query_string=20445
Starter,High,LALOMIA TRANSPORTATION CORPORATION,LALOMIA TRANSPORTATION CORPORATION,20507,8,6,GERALDINE LALOMIA,7168941703,L28tg@aol.com,SLOAN,NY,14212,59 HALSTEAD AVE,None listed,No,AUTHORIZED FOR HIRE,120,$99/mo Starter,Mention Monitor after trial activation,Expiration tracking + document vault for small fleet (fits Starter $99),https://safer.fmcsa.dot.gov/query.asp?searchtype=ANY&query_type=queryCarrierSnapshot&query_param=USDOT&query_string=20507
Fleet,High,NOCO ENERGY CORP,NOCO ENERGY CORP,20622,142,126,JAMES D NEWMAN,7166141275,,TONAWANDA,NY,14150,2440 SHERIDAN DR,S,Yes,PRIVATE PROPERTY;AUTHORIZED FOR HIRE,85,$299/mo Fleet,Offer DOT Record Monitor $29/mo,"Unlimited seats, reports, integrations + Monitor (fits Fleet $299)",https://safer.fmcsa.dot.gov/query.asp?searchtype=ANY&query_type=queryCarrierSnapshot&query_param=USDOT&query_string=20622
Growth,Medium,A R SANDRI INC,A R SANDRI INC,20705,23,19,DAVID  NELSON,4137722121,rcoyne@sandri.com,GREENFIELD,MA,01301,400 CHAPMAN ST,S,Yes,PRIVATE PROPERTY;AUTHORIZED FOR HIRE,65,$199/mo Growth,Offer DOT Record Monitor $29/mo,"CSA areas, reports, multi-user — growing fleet (fits Growth $199)",https://safer.fmcsa.dot.gov/query.asp?searchtype=ANY&query_type=queryCarrierSnapshot&query_param=USDOT&query_string=20705
Starter,Medium,SAVAGE FARMS INC,SAVAGE FARMS INC,20707,5,4,JAY  SAVAGE,4137744935,savageadmin@comcast.net,DEERFIELD,MA,01342,128 LOWER RD,S,No,PRIVATE PROPERTY;AUTHORIZED FOR HIRE;EXEMPT FOR HIRE,95,$99/mo Starter,Mention Monitor after trial activation,Expiration tracking + document vault for small fleet (fits Starter $99),https://safer.fmcsa.dot.gov/query.asp?searchtype=ANY&query_type=queryCarrierSnapshot&query_param=USDOT&query_string=20707
Growth,High,K I T TRANSPORTATION INC,K I T TRANSPORTATION INC,20851,23,18,SUZANNE  TRATNACK,5187569500,stratnack@kittransportation.com,HANNACROIX,NY,12087,RT 9W NORTH,None listed,No,AUTHORIZED FOR HIRE,120,$199/mo Growth,Offer DOT Record Monitor $29/mo,"CSA areas, reports, multi-user — growing fleet (fits Growth $199)",https://safer.fmcsa.dot.gov/query.asp?searchtype=ANY&query_type=queryCarrierSnapshot&query_param=USDOT&query_string=20851
Growth,High,SURPASS CHEMICAL COMPANY INC,SURPASS CHEMICAL COMPANY INC,20860,43,14,LEONARD  SMITH,5184348101,andrew.aulds@surpasschemical.com,MENANDS,NY,12204-2623,1254 BROADWAY,S,Yes,PRIVATE PROPERTY;AUTHORIZED FOR HIRE,90,$199/mo Growth,Offer DOT Record Monitor $29/mo,"CSA areas, reports, multi-user — growing fleet (fits Growth $199)",https://safer.fmcsa.dot.gov/query.asp?searchtype=ANY&query_type=queryCarrierSnapshot&query_param=USDOT&query_string=20860
Starter,High,CARPENTER BROS MOVING AND STORAGE INC,CARPENTER BROS MOVING AND STORAGE INC,20889,6,7,MATHEW  JENKINS,5185630791,cbms@carpenterbrothersms.com,PLATTSBURGH,NY,12901,24 GRAHAM DR,S,No,AUTHORIZED FOR HIRE,65,$99/mo Starter,Mention Monitor after trial activation,Expiration tracking + document vault for small fleet (fits Starter $99),https://safer.fmcsa.dot.gov/query.asp?searchtype=ANY&query_type=queryCarrierSnapshot&query_param=USDOT&query_string=20889
Starter,Medium,GREGORY FARMERS ELEVATOR CO,GREGORY FARMERS ELEVATOR CO,21110,5,4,SHERMAN VOMACKA,6058358114,gfe@gwtc.net,GREGORY,SD,57533-0229,121 SOUTH MAIN,None listed,No,OTHER-UNKNOWN;AUTHORIZED FOR HIRE,65,$99/mo Starter,Mention Monitor after trial activation,Expiration tracking + document vault for small fleet (fits Starter $99),https://safer.fmcsa.dot.gov/query.asp?searchtype=ANY&query_type=queryCarrierSnapshot&query_param=USDOT&query_string=21110
Starter,Medium,HANSON'S INC,HANSON'S INC,21177,9,9,DAWN REDDEN,6055986556,MEHANSON@VENTURECOMM.NET,FAULKTON,SD,57438-0503,115 6TH AVENUE N,S,No,AUTHORIZED FOR HIRE,65,$99/mo Starter,Mention Monitor after trial activation,Expiration tracking + document vault for small fleet (fits Starter $99),https://safer.fmcsa.dot.gov/query.asp?searchtype=ANY&query_type=queryCarrierSnapshot&query_param=USDOT&query_string=21177
Fleet,Medium,TRAMCOR CORPORATION,TRAMCOR CORPORATION,21474,125,115,RILEY  BRAEGGER,8014300058,lmbraegger@tramcor.com,FARR WEST,UT,84404,908 N 2000 W,S,No,AUTHORIZED FOR HIRE,95,$299/mo Fleet,Offer DOT Record Monitor $29/mo,"Unlimited seats, reports, integrations + Monitor (fits Fleet $299)",https://safer.fmcsa.dot.gov/query.asp?searchtype=ANY&query_type=queryCarrierSnapshot&query_param=USDOT&query_string=21474
Growth,High,TRAXLER TRUCKING INC,TRAXLER TRUCKING INC,21841,18,17,JUSTIN BORK /SARAH BORK,2174332352,borktrucking@gmail.com,LA PLACE,IL,61936,104 WEST NORTH SECOND STREET,None listed,No,AUTHORIZED FOR HIRE;EXEMPT FOR HIRE,120,$199/mo Growth,Offer DOT Record Monitor $29/mo,"CSA areas, reports, multi-user — growing fleet (fits Growth $199)",https://safer.fmcsa.dot.gov/query.asp?searchtype=ANY&query_type=queryCarrierSnapshot&query_param=USDOT&query_string=21841
Starter,Medium,VAN DYKE BROTHERS INC,VAN DYKE BROTHERS INC,21865,8,8,MONTE VANDYKE,5072275754,MONTE@VANDYKEBROTHERSINC.COM,CHANDLER,MN,56156,714 56TH ST,S,No,AUTHORIZED FOR HIRE,65,$99/mo Starter,Mention Monitor after trial activation,Expiration tracking + document vault for small fleet (fits Starter $99),https://safer.fmcsa.dot.gov/query.asp?searchtype=ANY&query_type=queryCarrierSnapshot&query_param=USDOT&query_string=21865
Starter,Medium,WELLS PROPANE INC,WELLS PROPANE INC,21886,10,13,DEVERON  ERIKSEN,7757523421,joel@wellspropane.net,WELLS,NV,89835,338 EASY ST,None listed,Yes,PRIVATE PROPERTY;AUTHORIZED FOR HIRE,65,$99/mo Starter,Mention Monitor after trial activation,Expiration tracking + document vault for small fleet (fits Starter $99),https://safer.fmcsa.dot.gov/query.asp?searchtype=ANY&query_type=queryCarrierSnapshot&query_param=USDOT&query_string=21886
Growth,Medium,WILLMAN TRUCKING INC,WILLMAN TRUCKING INC,21908,12,6,LISA M WILSON,6125224459,,MINNEAPOLIS,MN,55411-2216,62 N 26TH AVENUE NORTH,S,No,AUTHORIZED FOR HIRE,80,$199/mo Growth,Offer DOT Record Monitor $29/mo,"CSA areas, reports, multi-user — growing fleet (fits Growth $199)",https://safer.fmcsa.dot.gov/query.asp?searchtype=ANY&query_type=queryCarrierSnapshot&query_param=USDOT&query_string=21908
Starter,High,J & D FARMS,J & D FARMS OF ILLINOIS LLC,21968,6,4,JODI  OFLAHERTY,3092580667,jdfarms@mtco.com,NORTH ROANOKE,IL,61561,1437 COUNTY ROAD 1500 NORTH,None listed,Yes,PRIVATE PROPERTY;AUTHORIZED FOR HIRE,95,$99/mo Starter,Mention Monitor after trial activation,Expiration tracking + document vault for small fleet (fits Starter $99),https://safer.fmcsa.dot.gov/query.asp?searchtype=ANY&query_type=queryCarrierSnapshot&query_param=USDOT&query_string=21968
Starter,High,BMC,BADGER MINING CORPORATION,21972,6,8,BRANDON HESS,8009327263,khahnschmitz@badgerminingcorp.com,BERLIN,WI,54923,409 S CHURCH STREET,None listed,No,AUTHORIZED FOR HIRE,95,$99/mo Starter,Mention Monitor after trial activation,Expiration tracking + document vault for small fleet (fits Starter $99),https://safer.fmcsa.dot.gov/query.asp?searchtype=ANY&query_type=queryCarrierSnapshot&query_param=USDOT&query_string=21972
Growth,Medium,M P BARRETT TRUCKING INC,M P BARRETT TRUCKING INC,21993,11,10,CHRIS  SCHOLL,3204682787,mpbarretttrucking@gmail.com,PIERZ,MN,56364,28447 103RD STREET,S,Yes,AUTHORIZED FOR HIRE,120,$199/mo Growth,Offer DOT Record Monitor $29/mo,"CSA areas, reports, multi-user — growing fleet (fits Growth $199)",https://safer.fmcsa.dot.gov/query.asp?searchtype=ANY&query_type=queryCarrierSnapshot&query_param=USDOT&query_string=21993
Growth,Medium,DAVENPORT TRUCKING,CLAYTON D DAVENPORT TRUCKING INC,22088,26,24,CHRISTOPHER  DAVENPORT,14137742080,dispatch@cddavenport.com,GREENFIELD,MA,01301,130 COLRAIN STREET,S,Yes,AUTHORIZED FOR HIRE,120,$199/mo Growth,Offer DOT Record Monitor $29/mo,"CSA areas, reports, multi-user — growing fleet (fits Growth $199)",https://safer.fmcsa.dot.gov/query.asp?searchtype=ANY&query_type=queryCarrierSnapshot&query_param=USDOT&query_string=22088
Starter,High,HILLCREST SUPPLY INC,HILLCREST SUPPLY INC,22301,9,4,RICHARD DALE KNEPP,8124863261,hillcrestsupplyinc@gmail.com,MONTGOMERY,IN,47558,6134 E 200 N,S,No,AUTHORIZED FOR HIRE,90,$99/mo Starter,Mention Monitor after trial activation,Expiration tracking + document vault for small fleet (fits Starter $99),https://safer.fmcsa.dot.gov/query.asp?searchtype=ANY&query_type=queryCarrierSnapshot&query_param=USDOT&query_string=22301
Fleet,High,HILLDRUP MOVING & STORAGE,HILLDRUP COMPANIES INC,22302,297,245,CHARLES W MCDANIEL,7034414888,justin.moyer@hilldrup.com,STAFFORD,VA,22554,4022 RICHMOND  HIGHWAY,S,No,AUTHORIZED FOR HIRE,95,$299/mo Fleet,Offer DOT Record Monitor $29/mo,"Unlimited seats, reports, integrations + Monitor (fits Fleet $299)",https://safer.fmcsa.dot.gov/query.asp?searchtype=ANY&query_type=queryCarrierSnapshot&query_param=USDOT&query_string=22302
Growth,High,LONG BROTHERS OF SUMMERFIELD INC,LONG BROTHERS OF SUMMERFIELD INC,22447,29,22,PAMELA FULP,3366421097,pfulp@longbro.com,RURAL HALL,NC,27045,1275 OLD BELT WAY,S,Yes,AUTHORIZED FOR HIRE;OTHER-DBE/WBE/HUB,65,$199/mo Growth,Offer DOT Record Monitor $29/mo,"CSA areas, reports, multi-user — growing fleet (fits Growth $199)",https://safer.fmcsa.dot.gov/query.asp?searchtype=ANY&query_type=queryCarrierSnapshot&query_param=USDOT&query_string=22447
Fleet,High,OPIES TRANSPORT INC,OPIES TRANSPORT INC,22495,79,76,BRANDON  OPIE,5733926525,administration@opiestransport.com,ELDON,MO,65026,21HWY FF,S,No,AUTHORIZED FOR HIRE,120,$299/mo Fleet,Offer DOT Record Monitor $29/mo,"Unlimited seats, reports, integrations + Monitor (fits Fleet $299)",https://safer.fmcsa.dot.gov/query.asp?searchtype=ANY&query_type=queryCarrierSnapshot&query_param=USDOT&query_string=22495
Fleet,High,QUALITY LOGISTICS INC,QUALITY LOGISTICS INC,22520,135,131,CHRIS KOOI,3037613195,dpalato@qualitylogisticsinc.com,ENGLEWOOD,CO,80110,3340 SOUTH ZUNI STREET,S,No,AUTHORIZED FOR HIRE,120,$299/mo Fleet,Offer DOT Record Monitor $29/mo,"Unlimited seats, reports, integrations + Monitor (fits Fleet $299)",https://safer.fmcsa.dot.gov/query.asp?searchtype=ANY&query_type=queryCarrierSnapshot&query_param=USDOT&query_string=22520
Starter,High,RAMSEY TRUCKING INC,RAMSEY TRUCKING INC,22545,10,9,BILLY RAMSEY,4232668237,SDUVALL@epbfi.com,CHATTANOOGA,TN,37405-2622,731 PINEVILLE ROAD,S,No,AUTHORIZED FOR HIRE;EXEMPT FOR HIRE,90,$99/mo Starter,Mention Monitor after trial activation,Expiration tracking + document vault for small fleet (fits Starter $99),https://safer.fmcsa.dot.gov/query.asp?searchtype=ANY&query_type=queryCarrierSnapshot&query_param=USDOT&query_string=22545
Fleet,High,RELCO,RELCO SYSTEMS INC,22578,72,76,ROBERT LEWIS,7164348100,GOVERNMENTFILINGS@RELCOSYSTEMS.COM,LOCKPORT,NY,14094-3504,7310 CHESTNUT RIDGE RD,S,No,AUTHORIZED FOR HIRE,95,$299/mo Fleet,Offer DOT Record Monitor $29/mo,"Unlimited seats, reports, integrations + Monitor (fits Fleet $299)",https://safer.fmcsa.dot.gov/query.asp?searchtype=ANY&query_type=queryCarrierSnapshot&query_param=USDOT&query_string=22578
Fleet,Medium,TAYLOR-MADE TRANSPORTATION INC,TAYLOR-MADE TRANSPORTATION INC,22588,54,19,SCOTT  SMITH,3343662269,s.smith@taylormadeinc.com,MAPLESVILLE,AL,36750-0197,740 HIGHWAY 139N,S,No,AUTHORIZED FOR HIRE,115,$299/mo Fleet,Offer DOT Record Monitor $29/mo,"Unlimited seats, reports, integrations + Monitor (fits Fleet $299)",https://safer.fmcsa.dot.gov/query.asp?searchtype=ANY&query_type=queryCarrierSnapshot&query_param=USDOT&query_string=22588
Growth,Medium,A ANASTASIO & SONS TRUCKING CO INC,A ANASTASIO & SONS TRUCKING CO INC,22683,14,14,ANDREW  F ANASTASIO JR,2037875746,andy@aanastasio.com,NEW HAVEN,CT,06513,80 MIDDLETOWN AVE,S,No,AUTHORIZED FOR HIRE,90,$199/mo Growth,Offer DOT Record Monitor $29/mo,"CSA areas, reports, multi-user — growing fleet (fits Growth $199)",https://safer.fmcsa.dot.gov/query.asp?searchtype=ANY&query_type=queryCarrierSnapshot&query_param=USDOT&query_string=22683
Starter,Medium,ARROW MOVING & STORAGE CO INC,ARROW MOVING & STORAGE CO INC,22889,10,7,DAVID OTTOES,3076329226,MOTTOES@ARROWMOVING.NET,CHEYENNE,WY,82007,1900 WYOTT DRIVE,S,No,AUTHORIZED FOR HIRE,95,$99/mo Starter,Mention Monitor after trial activation,Expiration tracking + document vault for small fleet (fits Starter $99),https://safer.fmcsa.dot.gov/query.asp?searchtype=ANY&query_type=queryCarrierSnapshot&query_param=USDOT&query_string=22889
Fleet,High,158480,ALAN RITCHEY INC,23010,87,85,ROBBY RITCHEY,9407263276,nsturrock@alanritchey.com,VALLEY VIEW,TX,76272,740 SOUTH FRONTAGE ROAD,S,No,AUTHORIZED FOR HIRE;U. S. MAIL,95,$299/mo Fleet,Offer DOT Record Monitor $29/mo,"Unlimited seats, reports, integrations + Monitor (fits Fleet $299)",https://safer.fmcsa.dot.gov/query.asp?searchtype=ANY&query_type=queryCarrierSnapshot&query_param=USDOT&query_string=23010
Growth,High,READY FORCE STAFFING,REGAL TRUCKING SERVICE CORP,23218,33,33,Thomas Munoz,2539222250,regaltruckingservice@regallogistics.com,FIFE,WA,98424,6500 26TH STREET EAST,None listed,Yes,PRIVATE PROPERTY;AUTHORIZED FOR HIRE,120,$199/mo Growth,Offer DOT Record Monitor $29/mo,"CSA areas, reports, multi-user — growing fleet (fits Growth $199)",https://safer.fmcsa.dot.gov/query.asp?searchtype=ANY&query_type=queryCarrierSnapshot&query_param=USDOT&query_string=23218
Fleet,High,GOYA FOODS INC,GOYA FOODS INC,23451,197,196,CHARLES  LLERENA,2013484900,charles.llerena@goya.com,JERSEY CITY,NJ,07307,350 COUNTY ROAD,S,No,PRIVATE PROPERTY;AUTHORIZED FOR HIRE,65,$299/mo Fleet,Offer DOT Record Monitor $29/mo,"Unlimited seats, reports, integrations + Monitor (fits Fleet $299)",https://safer.fmcsa.dot.gov/query.asp?searchtype=ANY&query_type=queryCarrierSnapshot&query_param=USDOT&query_string=23451
Growth,High,MANNINGTON MILLS INC,MANNINGTON MILLS INC,23680,14,12,KEVIN P IGO,8569353000,VICTOR.GIUDICE@MANNINGTON.COM,SALEM,NJ,08079,75 MANNINGTON MILLS ROAD,None listed,Yes,PRIVATE PROPERTY;AUTHORIZED FOR HIRE,95,$199/mo Growth,Offer DOT Record Monitor $29/mo,"CSA areas, reports, multi-user — growing fleet (fits Growth $199)",https://safer.fmcsa.dot.gov/query.asp?searchtype=ANY&query_type=queryCarrierSnapshot&query_param=USDOT&query_string=23680
Fleet,High,CAMPBELL'S EXPRESS,CAMPBELL'S AUTO EXPRESS,23705,55,47,WILLIAM  W. MESSENGER,8565898300,jcarey@campbellsexpress.com,PITMAN,NJ,08071-0119,134 LAUREL DR,S,Yes,AUTHORIZED FOR HIRE,120,$299/mo Fleet,Offer DOT Record Monitor $29/mo,"Unlimited seats, reports, integrations + Monitor (fits Fleet $299)",https://safer.fmcsa.dot.gov/query.asp?searchtype=ANY&query_type=queryCarrierSnapshot&query_param=USDOT&query_string=23705
Starter,High,PHIBRO-TECH INC,PHIBRO-TECH INC,23761,9,9,JACK BENDHEIM,5622730136,mark.kuha@pahc.com,SANTA FE SPRINGS,CA,90670,8851 DICE RD,S,Yes,AUTHORIZED FOR HIRE,95,$99/mo Starter,Mention Monitor after trial activation,Expiration tracking + document vault for small fleet (fits Starter $99),https://safer.fmcsa.dot.gov/query.asp?searchtype=ANY&query_type=queryCarrierSnapshot&query_param=USDOT&query_string=23761
Growth,Medium,DEROSIER STORAGE CO,DEROSIER STORAGE CO,23809,11,4,ALLEN DESROSIERS,2033780461,allend@derosiermoving.com,STRATFORD,CT,06615,110 MAYFAIR PLACE,S,No,AUTHORIZED FOR HIRE,60,$199/mo Growth,Offer DOT Record Monitor $29/mo,"CSA areas, reports, multi-user — growing fleet (fits Growth $199)",https://safer.fmcsa.dot.gov/query.asp?searchtype=ANY&query_type=queryCarrierSnapshot&query_param=USDOT&query_string=23809
Starter,Medium,DALEY MOVING & STORAGE INC,DALEY MOVING & STORAGE INC,23845,6,6,GINA MARIANO BUNCH,8604828508,OFFICE@DALEYMOVING.COM,TORRINGTON,CT,06790,230 ELLA GRASSO AVE,S,No,AUTHORIZED FOR HIRE,65,$99/mo Starter,Mention Monitor after trial activation,Expiration tracking + document vault for small fleet (fits Starter $99),https://safer.fmcsa.dot.gov/query.asp?searchtype=ANY&query_type=queryCarrierSnapshot&query_param=USDOT&query_string=23845
Starter,Medium,HALLAMORE CORP,HALLAMORE CORP,23866,8,4,DENNIS E. BARRY,7817672000,MBARRY@HALLAMORE.COM,HOLBROOK,MA,02343-1936,795 PLYMOUTH ST,S,No,AUTHORIZED FOR HIRE,65,$99/mo Starter,Mention Monitor after trial activation,Expiration tracking + document vault for small fleet (fits Starter $99),https://safer.fmcsa.dot.gov/query.asp?searchtype=ANY&query_type=queryCarrierSnapshot&query_param=USDOT&query_string=23866
Fleet,Medium,SEVERANCE TRUCKING CO INC,SEVERANCE TRUCKING CO INC,23907,54,44,JAMIE SEVERANCE,9782759800,jamie@SEVERANCETRUCKING.COM,DRACUT,MA,01826,49 MCGRATH ROAD,S,Yes,AUTHORIZED FOR HIRE,120,$299/mo Fleet,Offer DOT Record Monitor $29/mo,"Unlimited seats, reports, integrations + Monitor (fits Fleet $299)",https://safer.fmcsa.dot.gov/query.asp?searchtype=ANY&query_type=queryCarrierSnapshot&query_param=USDOT&query_string=23907
Growth,High,NASSAU TRUCKING & RIGGING,NASSAU PRINTING MACHINERY INC,24111,11,12,BILLY MURPHY,6318425553,Matt@npmgroup.com,COPIAGUE,NY,11726,19 DIXON AVE,S,No,AUTHORIZED FOR HIRE,120,$199/mo Growth,Offer DOT Record Monitor $29/mo,"CSA areas, reports, multi-user — growing fleet (fits Growth $199)",https://safer.fmcsa.dot.gov/query.asp?searchtype=ANY&query_type=queryCarrierSnapshot&query_param=USDOT&query_string=24111
Fleet,High,PECKHAM ROAD CORP,PECKHAM MATERIALS CORP,24121,62,165,JOHN  GADROW,9149492000,jgadr@peckham.com,BREWSTER,NY,10509,172 PROSPECT HILL ROAD,S,Yes,PRIVATE PROPERTY;AUTHORIZED FOR HIRE,65,$299/mo Fleet,Offer DOT Record Monitor $29/mo,"Unlimited seats, reports, integrations + Monitor (fits Fleet $299)",https://safer.fmcsa.dot.gov/query.asp?searchtype=ANY&query_type=queryCarrierSnapshot&query_param=USDOT&query_string=24121
Fleet,High,LANGER TRANSPORT CORP,LANGER TRANSPORT CORP,24222,256,225,WILLIAM POBEDINSKY,2014341600,BPOBEDINSKY@LANGERTRANSPORT.COM,JERSEY CITY,NJ,07305,420 ROUTE 440,S,Yes,AUTHORIZED FOR HIRE,90,$299/mo Fleet,Offer DOT Record Monitor $29/mo,"Unlimited seats, reports, integrations + Monitor (fits Fleet $299)",https://safer.fmcsa.dot.gov/query.asp?searchtype=ANY&query_type=queryCarrierSnapshot&query_param=USDOT&query_string=24222
Starter,High,MABCO TRANSIT INC,MABEY'S SELF STORAGE,24402,10,8,LAURA BLASS,5182830017,matt@mabeys.com,CLIFTON PARK,NY,12065,9 MORRIS LANE,None listed,Yes,AUTHORIZED FOR HIRE,55,$99/mo Starter,Mention Monitor after trial activation,Expiration tracking + document vault for small fleet (fits Starter $99),https://safer.fmcsa.dot.gov/query.asp?searchtype=ANY&query_type=queryCarrierSnapshot&query_param=USDOT&query_string=24402
Fleet,High,MOBILE AIR TRANSPORT INC,MOBILE AIR TRANSPORT INC,24439,62,67,JOHN J. INGEMIE,5187835111,mlh@mobileairtrans.com,LATHAM,NY,12110,12 RUNWAY AVE,S,Yes,AUTHORIZED FOR HIRE,120,$299/mo Fleet,Offer DOT Record Monitor $29/mo,"Unlimited seats, reports, integrations + Monitor (fits Fleet $299)",https://safer.fmcsa.dot.gov/query.asp?searchtype=ANY&query_type=queryCarrierSnapshot&query_param=USDOT&query_string=24439
Growth,Medium,M KORSON & CO INC,M KORSON & CO INC,24472,20,28,THOMAS F GENNARO,6176256060,MKORSON91@GMAIL.COM,SOMERVILLE,MA,02143,91 WASHINGTON STREET,C,No,AUTHORIZED FOR HIRE,95,$199/mo Growth,Offer DOT Record Monitor $29/mo,"CSA areas, reports, multi-user — growing fleet (fits Growth $199)",https://safer.fmcsa.dot.gov/query.asp?searchtype=ANY&query_type=queryCarrierSnapshot&query_param=USDOT&query_string=24472
Starter,Medium,ARTHUR C LAMB COMPANY INC,ARTHUR C LAMB COMPANY INC,24477,6,7,HELEN LAMB,7818281800,kim.lambco@aol.com,CANTON,MA,02021,85 JACKSON ST,S,Yes,PRIVATE PROPERTY;AUTHORIZED FOR HIRE,95,$99/mo Starter,Mention Monitor after trial activation,Expiration tracking + document vault for small fleet (fits Starter $99),https://safer.fmcsa.dot.gov/query.asp?searchtype=ANY&query_type=queryCarrierSnapshot&query_param=USDOT&query_string=24477
Starter,Medium,M W LEAHY CO INC,M W LEAHY CO INC,24484,5,5,MICHAEL W LEAHY,9787723113,mwleahy@verizon.net,AYER,MA,01432-1529,21 WESTFORD RD,None listed,Yes,AUTHORIZED FOR HIRE,95,$99/mo Starter,Mention Monitor after trial activation,Expiration tracking + document vault for small fleet (fits Starter $99),https://safer.fmcsa.dot.gov/query.asp?searchtype=ANY&query_type=queryCarrierSnapshot&query_param=USDOT&query_string=24484
Starter,Medium,LIBERTY MOVERS INC,LIBERTY MOVERS INC,24490,9,4,"STEPHEN FONTAINE,",5088927241,Stephen@libertymovers.com,LEICESTER,MA,01524,99 HUNTOON MEMORIAL HWY,None listed,No,AUTHORIZED FOR HIRE,90,$99/mo Starter,Mention Monitor after trial activation,Expiration tracking + document vault for small fleet (fits Starter $99),https://safer.fmcsa.dot.gov/query.asp?searchtype=ANY&query_type=queryCarrierSnapshot&query_param=USDOT&query_string=24490
Fleet,Medium,LILY TRANSPORTATION LLC,LILY TRANSPORTATION LLC,24491,903,1040,SHERIEF  BOUTROS,7814498811,sboutros@lily.com,NEEDHAM,MA,02494,145 ROSEMARY ST,S,Yes,AUTHORIZED FOR HIRE,120,$299/mo Fleet,Offer DOT Record Monitor $29/mo,"Unlimited seats, reports, integrations + Monitor (fits Fleet $299)",https://safer.fmcsa.dot.gov/query.asp?searchtype=ANY&query_type=queryCarrierSnapshot&query_param=USDOT&query_string=24491
Growth,Medium,LITCHFIELD'S EXPRESS INC,LITCHFIELD'S EXPRESS INC,24495,18,18,RANDY  SALVADOR,7816004712,litchfields1843@gmail.com,NORWELL,MA,02061,11 DUNCAN DRIVE,S,No,AUTHORIZED FOR HIRE,120,$199/mo Growth,Offer DOT Record Monitor $29/mo,"CSA areas, reports, multi-user — growing fleet (fits Growth $199)",https://safer.fmcsa.dot.gov/query.asp?searchtype=ANY&query_type=queryCarrierSnapshot&query_param=USDOT&query_string=24495
Starter,Medium,CODY EXPRESS INC,CODY EXPRESS INC,24503,5,5,BRUCE SHOWSTACK,7817692300,BRUCES@RADFORD1.COM,MANSFIELD,MA,02048,31 PLYMOUTH ST,S,No,AUTHORIZED FOR HIRE,120,$99/mo Starter,Mention Monitor after trial activation,Expiration tracking + document vault for small fleet (fits Starter $99),https://safer.fmcsa.dot.gov/query.asp?searchtype=ANY&query_type=queryCarrierSnapshot&query_param=USDOT&query_string=24503
Starter,Medium,ROHTSTEIN CORP,ROHTSTEIN CORP,24622,10,6,STEVEN ROHTSTEIN,7819358300,santoso@rohtstein.com,WOBURN,MA,01801,70 OLYMPIA AVE,None listed,No,PRIVATE PROPERTY;AUTHORIZED FOR HIRE,95,$99/mo Starter,Mention Monitor after trial activation,Expiration tracking + document vault for small fleet (fits Starter $99),https://safer.fmcsa.dot.gov/query.asp?searchtype=ANY&query_type=queryCarrierSnapshot&query_param=USDOT&query_string=24622
Starter,Medium,BLUE SLOPE SAWDUST INC,BLUE SLOPE SAWDUST INC,24719,8,12,ALFRED G STAEBNER,8606427084,accounting@blueslope.com,FRANKLIN,CT,06254,144 BLUE HILL ROAD,S,No,PRIVATE PROPERTY;AUTHORIZED FOR HIRE,95,$99/mo Starter,Mention Monitor after trial activation,Expiration tracking + document vault for small fleet (fits Starter $99),https://safer.fmcsa.dot.gov/query.asp?searchtype=ANY&query_type=queryCarrierSnapshot&query_param=USDOT&query_string=24719
Growth,High,VICTORY WORLDWIDE TRANSPORTATION INC,VICTORY WORLDWIDE TRANSPORTATION INC,24865,12,6,STEVEN  SIMPSON,7327190700,steven@victoryworldwide.com,JAMESBURG,NJ,08831,1045 CRANBURY SOUTH RIVER RD,S,No,AUTHORIZED FOR HIRE,90,$199/mo Growth,Offer DOT Record Monitor $29/mo,"CSA areas, reports, multi-user — growing fleet (fits Growth $199)",https://safer.fmcsa.dot.gov/query.asp?searchtype=ANY&query_type=queryCarrierSnapshot&query_param=USDOT&query_string=24865
Growth,High,VERITY VAN LINES INC,VERITY VAN LINES INC,24880,15,10,MICHAEL A. MAFFUCCI,5167857620,MICHAEL@VERITYVANLINES.COM,SEAFORD,NY,11783,3685 MERRICK ROAD,S,No,AUTHORIZED FOR HIRE,65,$199/mo Growth,Offer DOT Record Monitor $29/mo,"CSA areas, reports, multi-user — growing fleet (fits Growth $199)",https://safer.fmcsa.dot.gov/query.asp?searchtype=ANY&query_type=queryCarrierSnapshot&query_param=USDOT&query_string=24880
Fleet,High,H O PENN,H O PENN MACHINERY CO INC,25027,88,97,JEFF  MITCHELL,8454521200,kbajana@hopenn.com,POUGHKEEPSIE,NY,12603,122 NOXON ROAD,S,Yes,PRIVATE PROPERTY;AUTHORIZED FOR HIRE,95,$299/mo Fleet,Offer DOT Record Monitor $29/mo,"Unlimited seats, reports, integrations + Monitor (fits Fleet $299)",https://safer.fmcsa.dot.gov/query.asp?searchtype=ANY&query_type=queryCarrierSnapshot&query_param=USDOT&query_string=25027
Starter,High,HALL-LANE MOVING AND STORAGE,ORIGINAL HALL-LANE MOVING AND STORAGE,25055,10,16,CLELL ALAN HALL,6315436801,cahall@hall-lane.com,COMMACK,NY,11725,67 MALL DRIVE,S,No,AUTHORIZED FOR HIRE,65,$99/mo Starter,Mention Monitor after trial activation,Expiration tracking + document vault for small fleet (fits Starter $99),https://safer.fmcsa.dot.gov/query.asp?searchtype=ANY&query_type=queryCarrierSnapshot&query_param=USDOT&query_string=25055
Starter,High,J&H TRANSFER INC,J&H TRANSFER INC,25140,5,7,JOHN W HEAGY,6317272282,JHT42@OPTONLINE.NET,RIVERHEAD,NY,11901,2031 OLD COUNTRY RD,C,No,AUTHORIZED FOR HIRE,65,$99/mo Starter,Mention Monitor after trial activation,Expiration tracking + document vault for small fleet (fits Starter $99),https://safer.fmcsa.dot.gov/query.asp?searchtype=ANY&query_type=queryCarrierSnapshot&query_param=USDOT&query_string=25140
Fleet,Medium,PEP TRANSPORTATION,EVERETT J PRESCOTT INC,25286,85,106,LORI EDWARDS,2075825019,LORI.EDWARDS@EJPRESCOTT.COM,GARDINER,ME,04345,32 PRESCOTT ST,S,Yes,PRIVATE PROPERTY;AUTHORIZED FOR HIRE,90,$299/mo Fleet,Offer DOT Record Monitor $29/mo,"Unlimited seats, reports, integrations + Monitor (fits Fleet $299)",https://safer.fmcsa.dot.gov/query.asp?searchtype=ANY&query_type=queryCarrierSnapshot&query_param=USDOT&query_string=25286
Fleet,Medium,GOLD MEDAL BAKERY INC,GOLD MEDAL BAKERY INC,25343,81,98,AL BATISTA,7743655656,abatista@goldmedalbakery.com,FALL RIVER,MA,02724,21 PENN STREET,S,No,PRIVATE PROPERTY;AUTHORIZED FOR HIRE,95,$299/mo Fleet,Offer DOT Record Monitor $29/mo,"Unlimited seats, reports, integrations + Monitor (fits Fleet $299)",https://safer.fmcsa.dot.gov/query.asp?searchtype=ANY&query_type=queryCarrierSnapshot&query_param=USDOT&query_string=25343
Growth,High,MYLES TRANSPORTATION INC,MYLES TRANSPORTATION INC,25509,21,22,BART  MYLES,8568297640,safety@mylestrans.com,CINNAMINSON,NJ,08077,2203 GARRY ROAD,S,Yes,AUTHORIZED FOR HIRE,120,$199/mo Growth,Offer DOT Record Monitor $29/mo,"CSA areas, reports, multi-user — growing fleet (fits Growth $199)",https://safer.fmcsa.dot.gov/query.asp?searchtype=ANY&query_type=queryCarrierSnapshot&query_param=USDOT&query_string=25509
Starter,High,NARDELLI BROS INC,NARDELLI BROS INC,25513,9,6,WILLIAM J NARDELLI,8564474621,dan@nardellibrosinc.com,CEDARVILLE,NJ,08311,54 N MAIN STREET,C,No,AUTHORIZED FOR HIRE,65,$99/mo Starter,Mention Monitor after trial activation,Expiration tracking + document vault for small fleet (fits Starter $99),https://safer.fmcsa.dot.gov/query.asp?searchtype=ANY&query_type=queryCarrierSnapshot&query_param=USDOT&query_string=25513
Growth,High,SUNRISE COACH LINES INC,SUNRISE COACH LINES INC,25607,20,14,CHRISTA BROWN,6314771283,admin@sunrisecoach.com,GREENPORT,NY,11944,74450 WEST FRONT ST,S,No,LOCAL GOVERNMENT;AUTHORIZED FOR HIRE,65,$199/mo Growth,Offer DOT Record Monitor $29/mo,"CSA areas, reports, multi-user — growing fleet (fits Growth $199)",https://safer.fmcsa.dot.gov/query.asp?searchtype=ANY&query_type=queryCarrierSnapshot&query_param=USDOT&query_string=25607
Growth,Medium,MAIL CONTRACTOR,MARWELL TRUCKING INC,25936,18,17,JEFFREY MARWELL,4012314019,MARWELL02911@GMAIL.COM,NORTH PROVIDENCE,RI,02911,85 EAST AVENUE,S,No,AUTHORIZED FOR HIRE;U. S. MAIL,90,$199/mo Growth,Offer DOT Record Monitor $29/mo,"CSA areas, reports, multi-user — growing fleet (fits Growth $199)",https://safer.fmcsa.dot.gov/query.asp?searchtype=ANY&query_type=queryCarrierSnapshot&query_param=USDOT&query_string=25936
Growth,High,LA ROSA DEL MONTE EXPRESS,RDM TRANSPORT GROUP LLC,25982,39,22,CHRISTIAN  GALAN,7189913300,cgalan@larosadelmonte.com,YONKERS,NY,10710,44 RUNYON AVE,C,Yes,PRIVATE PROPERTY;AUTHORIZED FOR HIRE,90,$199/mo Growth,Offer DOT Record Monitor $29/mo,"CSA areas, reports, multi-user — growing fleet (fits Growth $199)",https://safer.fmcsa.dot.gov/query.asp?searchtype=ANY&query_type=queryCarrierSnapshot&query_param=USDOT&query_string=25982
Fleet,High,SPEED GLOBAL SERVICES,SPEED MOTOR EXPRESS OF W N Y INC,26364,59,46,CARL SAVARINO,7168762235,SAFETY@SPEEDGS.COM,BUFFALO,NY,14207-1311,2299 KENMORE AVENUE,S,Yes,AUTHORIZED FOR HIRE,120,$299/mo Fleet,Offer DOT Record Monitor $29/mo,"Unlimited seats, reports, integrations + Monitor (fits Fleet $299)",https://safer.fmcsa.dot.gov/query.asp?searchtype=ANY&query_type=queryCarrierSnapshot&query_param=USDOT&query_string=26364
Starter,High,LINCOLN MOVING & STORAGE OF BUFFALO INC,LINCOLN MOVING & STORAGE OF BUFFALO INC,26424,9,5,TIMOTHY PALISANO,7168741380,sbalcerzak@lincolnmoving.com,BUFFALO,NY,14207,155 GREAT ARROW AVE,None listed,No,AUTHORIZED FOR HIRE,65,$99/mo Starter,Mention Monitor after trial activation,Expiration tracking + document vault for small fleet (fits Starter $99),https://safer.fmcsa.dot.gov/query.asp?searchtype=ANY&query_type=queryCarrierSnapshot&query_param=USDOT&query_string=26424
Fleet,High,T J MARQUART & SONS INC,T J MARQUART & SONS INC,26449,66,50,ALEX MARQUART,5854932522,ALEX@TJMARQUART.COM,GAINESVILLE,NY,14066,5195 ROUTE 19,S,No,AUTHORIZED FOR HIRE,95,$299/mo Fleet,Offer DOT Record Monitor $29/mo,"Unlimited seats, reports, integrations + Monitor (fits Fleet $299)",https://safer.fmcsa.dot.gov/query.asp?searchtype=ANY&query_type=queryCarrierSnapshot&query_param=USDOT&query_string=26449
Starter,High,HANSON CARTAGE INC,HANSON CARTAGE INC,26451,6,5,LEON SLOJKOWSKI,7164830813,THESLONE@AOL.COM,FALCONER,NY,14733,1688 CLAYPOND ROAD,S,No,AUTHORIZED FOR HIRE,95,$99/mo Starter,Mention Monitor after trial activation,Expiration tracking + document vault for small fleet (fits Starter $99),https://safer.fmcsa.dot.gov/query.asp?searchtype=ANY&query_type=queryCarrierSnapshot&query_param=USDOT&query_string=26451
Growth,High,HILTON-SPENCERPORT EXPRESS INC,HILTON-SPENCERPORT EXPRESS INC,26458,12,10,THOMAS H. COLE,5856598442,tcole@hsxinc.com,KENDALL,NY,14476-0055,16864 KENMORE RD,S,Yes,AUTHORIZED FOR HIRE,120,$199/mo Growth,Offer DOT Record Monitor $29/mo,"CSA areas, reports, multi-user — growing fleet (fits Growth $199)",https://safer.fmcsa.dot.gov/query.asp?searchtype=ANY&query_type=queryCarrierSnapshot&query_param=USDOT&query_string=26458
Starter,High,LARSEN TRANSFER CO,TRI-CITY UNITED INC,26510,8,7,DEAN JACKSON,5099439139,DEAN.JACKSON@LARSENTRANSFER.COM,RICHLAND,WA,99352-4140,220 WELLHOUSE LOOP,S,No,AUTHORIZED FOR HIRE,65,$99/mo Starter,Mention Monitor after trial activation,Expiration tracking + document vault for small fleet (fits Starter $99),https://safer.fmcsa.dot.gov/query.asp?searchtype=ANY&query_type=queryCarrierSnapshot&query_param=USDOT&query_string=26510
Starter,High,CASCADE WAREHOUSE COMPANY,CASCADE WAREHOUSE COMPANY,26585,5,3,SCOTT CANTONWINE,5033632483,nick@cascadewarehouse.com,SALEM,OR,97301,1330 SALEM INDUSTRIAL DR NE,S,No,AUTHORIZED FOR HIRE,95,$99/mo Starter,Mention Monitor after trial activation,Expiration tracking + document vault for small fleet (fits Starter $99),https://safer.fmcsa.dot.gov/query.asp?searchtype=ANY&query_type=queryCarrierSnapshot&query_param=USDOT&query_string=26585
Starter,Medium,J H MOTORS INC,J H MOTORS INC,26612,5,5,KRISTINA L FOX,4062488101,jhmotors1@gmail.com,BILLINGS,MT,59101,4540 STATE AVE,S,Yes,OTHER-EMERGENCY;AUTHORIZED FOR HIRE,65,$99/mo Starter,Mention Monitor after trial activation,Expiration tracking + document vault for small fleet (fits Starter $99),https://safer.fmcsa.dot.gov/query.asp?searchtype=ANY&query_type=queryCarrierSnapshot&query_param=USDOT&query_string=26612
Growth,Medium,EMPIRE BUILDING MATERIALS INC,EMPIRE BUILDING MATERIALS INC,26755,35,16,ANTHONY  TANGARO,14065873191,anthonyt@empireinc.com,BELGRADE,MT,59714-3020,300 N JACKRABBIT LN,S,No,PRIVATE PROPERTY;AUTHORIZED FOR HIRE,60,$199/mo Growth,Offer DOT Record Monitor $29/mo,"CSA areas, reports, multi-user — growing fleet (fits Growth $199)",https://safer.fmcsa.dot.gov/query.asp?searchtype=ANY&query_type=queryCarrierSnapshot&query_param=USDOT&query_string=26755
Fleet,High,T P FREIGHT LINES INC,T P FREIGHT LINES INC,26804,76,50,MOHAMED HEGEB,5032334607,compliance@tpfreight.net,TILLAMOOK,OR,97141,2703 THIRD STREET,S,Yes,AUTHORIZED FOR HIRE,120,$299/mo Fleet,Offer DOT Record Monitor $29/mo,"Unlimited seats, reports, integrations + Monitor (fits Fleet $299)",https://safer.fmcsa.dot.gov/query.asp?searchtype=ANY&query_type=queryCarrierSnapshot&query_param=USDOT&query_string=26804
Starter,High,PEOPLES WAREHOUSE INC,PEOPLES WAREHOUSE INC,26826,5,6,STEVEN D CARTER,5418847425,peowhse@aol.com,KLAMATH FALLS,OR,97601,1425 S 6TH ST,None listed,No,AUTHORIZED FOR HIRE,65,$99/mo Starter,Mention Monitor after trial activation,Expiration tracking + document vault for small fleet (fits Starter $99),https://safer.fmcsa.dot.gov/query.asp?searchtype=ANY&query_type=queryCarrierSnapshot&query_param=USDOT&query_string=26826
Growth,High,ADAMS TRANSIT INC,ADAMS TRANSIT INC,26858,19,19,JAMES DEYOUNG,9203485202,JIM.DEYOUNG@ADAMSTRANSIT.COM,FRIESLAND,WI,53935,111 WEST WINNEBAGO ST,S,No,AUTHORIZED FOR HIRE,55,$199/mo Growth,Offer DOT Record Monitor $29/mo,"CSA areas, reports, multi-user — growing fleet (fits Growth $199)",https://safer.fmcsa.dot.gov/query.asp?searchtype=ANY&query_type=queryCarrierSnapshot&query_param=USDOT&query_string=26858
Starter,Medium,YOUNG TRUCK LINES LLP,YOUNG TRUCK LINES LLP,26896,9,8,ETHAN YOUNG,5073252290,accounting@youngtruckline.com,LYLE,MN,55953-0008,509 1ST STREET,S,No,AUTHORIZED FOR HIRE,90,$99/mo Starter,Mention Monitor after trial activation,Expiration tracking + document vault for small fleet (fits Starter $99),https://safer.fmcsa.dot.gov/query.asp?searchtype=ANY&query_type=queryCarrierSnapshot&query_param=USDOT&query_string=26896
Fleet,High,PACIFIC COAST FRESH COMPANY,PACIFIC COAST FRESH COMPANY,26920,84,95,KATHLEEN QUANDEE,5032346411,ahill@PCFRUIT.COM,PORTLAND,OR,97232,201 NE 2ND AVE,S,No,PRIVATE PROPERTY;AUTHORIZED FOR HIRE,95,$299/mo Fleet,Offer DOT Record Monitor $29/mo,"Unlimited seats, reports, integrations + Monitor (fits Fleet $299)",https://safer.fmcsa.dot.gov/query.asp?searchtype=ANY&query_type=queryCarrierSnapshot&query_param=USDOT&query_string=26920
Fleet,High,R E WEST INC,R E WEST INC,27070,110,110,ROBERT E. WEST JR,6154434144,robert.walker@rewest.com,ASHLAND CITY,TN,37015,14 BLUEGRASS DRIVE,S,Yes,AUTHORIZED FOR HIRE,95,$299/mo Fleet,Offer DOT Record Monitor $29/mo,"Unlimited seats, reports, integrations + Monitor (fits Fleet $299)",https://safer.fmcsa.dot.gov/query.asp?searchtype=ANY&query_type=queryCarrierSnapshot&query_param=USDOT&query_string=27070
Starter,High,JAMES WILSON COMPANY,JAMES WILSON COMPANY,27102,7,6,JENNIFER  KAITLIN WILSON,4232652646,jwilson@jameswilsonco.net,CHATTANOOGA,TN,37410,211 E 28TH STREET,S,No,AUTHORIZED FOR HIRE,95,$99/mo Starter,Mention Monitor after trial activation,Expiration tracking + document vault for small fleet (fits Starter $99),https://safer.fmcsa.dot.gov/query.asp?searchtype=ANY&query_type=queryCarrierSnapshot&query_param=USDOT&query_string=27102
Starter,Medium,INLAND CORPORATION,INLAND CORPORATION,27218,8,5,BOBBY SIMKINS,5056322368,inlandcorporation.simkins@gmail.com,BLOOMFIELD,NM,87413,409 E BROADWAY,S,Yes,AUTHORIZED FOR HIRE,65,$99/mo Starter,Mention Monitor after trial activation,Expiration tracking + document vault for small fleet (fits Starter $99),https://safer.fmcsa.dot.gov/query.asp?searchtype=ANY&query_type=queryCarrierSnapshot&query_param=USDOT&query_string=27218
Growth,Medium,R & C STAGELINES INC,R & C STAGELINES INC,27304,37,20,DARIN GOLDSTON,5058437461,dana@rcstagelines.com,ALBUQUERQUE,NM,87102,410 INDIAN SCHOOL RD NE,S,No,AUTHORIZED FOR HIRE;U. S. MAIL,65,$199/mo Growth,Offer DOT Record Monitor $29/mo,"CSA areas, reports, multi-user — growing fleet (fits Growth $199)",https://safer.fmcsa.dot.gov/query.asp?searchtype=ANY&query_type=queryCarrierSnapshot&query_param=USDOT&query_string=27304
Growth,High,MERCER TRUCKING COMPANY INC,MERCER TRUCKING COMPANY INC,27479,13,12,MR.  STEVEN E HANNING,5095353597,sonia@mercertrucking.com,SPOKANE VALLEY,WA,99212,N 1414 FANCHER,S,No,AUTHORIZED FOR HIRE,90,$199/mo Growth,Offer DOT Record Monitor $29/mo,"CSA areas, reports, multi-user — growing fleet (fits Growth $199)",https://safer.fmcsa.dot.gov/query.asp?searchtype=ANY&query_type=queryCarrierSnapshot&query_param=USDOT&query_string=27479
Starter,High,PRATT MAYFLOWER,PRATT MOVING & STORAGE INC,27491,8,4,ALVIN M JONES JR,5093322505,pratt@pullman.com,PULLMAN,WA,99163,1210 SE LATAH,None listed,No,AUTHORIZED FOR HIRE,65,$99/mo Starter,Mention Monitor after trial activation,Expiration tracking + document vault for small fleet (fits Starter $99),https://safer.fmcsa.dot.gov/query.asp?searchtype=ANY&query_type=queryCarrierSnapshot&query_param=USDOT&query_string=27491
Starter,High,YOAKUM GRAIN INC,YOAKUM GRAIN INC,27788,7,6,SHANNON BUCEK,3612933521,yoakumgrain@birch.net,YOAKUM,TX,77995,915 W GONZALES,None listed,No,PRIVATE PROPERTY;AUTHORIZED FOR HIRE,65,$99/mo Starter,Mention Monitor after trial activation,Expiration tracking + document vault for small fleet (fits Starter $99),https://safer.fmcsa.dot.gov/query.asp?searchtype=ANY&query_type=queryCarrierSnapshot&query_param=USDOT&query_string=27788
Fleet,High,WILLOW RUN FOODS INCORPORATED,WILLOW RUN FOODS INCORPORATED,27814,90,153,CAROL WALLIS,8002347550,KERRYA@WILLOWRUNFOODS.COM,KIRKWOOD,NY,13795,1006 US ROUTE 11,S,No,AUTHORIZED FOR HIRE,95,$299/mo Fleet,Offer DOT Record Monitor $29/mo,"Unlimited seats, reports, integrations + Monitor (fits Fleet $299)",https://safer.fmcsa.dot.gov/query.asp?searchtype=ANY&query_type=queryCarrierSnapshot&query_param=USDOT&query_string=27814
Fleet,High,SALANGER TRUCKING LLC,SALANGER TRUCKING LLC,27825,76,102,RICHARD SALANGER,3157270108,SALTRUK@TWCNY.RR.COM,CICERO,NY,13039-9327,6037 CHETWIND DR,S,No,AUTHORIZED FOR HIRE;U. S. MAIL,90,$299/mo Fleet,Offer DOT Record Monitor $29/mo,"Unlimited seats, reports, integrations + Monitor (fits Fleet $299)",https://safer.fmcsa.dot.gov/query.asp?searchtype=ANY&query_type=queryCarrierSnapshot&query_param=USDOT&query_string=27825
Starter,Medium,HUBBARD-HALL INC,HUBBARD-HALL INC,27830,6,5,MOLLY KELLOGG,2034905062,jalmanza@hubbardhall.com,WATERBURY,CT,06708,563 SO. LEONARD ST,S,Yes,PRIVATE PROPERTY;AUTHORIZED FOR HIRE,65,$99/mo Starter,Mention Monitor after trial activation,Expiration tracking + document vault for small fleet (fits Starter $99),https://safer.fmcsa.dot.gov/query.asp?searchtype=ANY&query_type=queryCarrierSnapshot&query_param=USDOT&query_string=27830
Growth,Medium,INDUSTRIAL RIGGERS INC,INDUSTRIAL RIGGERS INC,27842,14,13,DAVID FRIEDMAN,2035731116,vromero@industrialriggers.com,WATERBURY,CT,06704,264 CHASE RIVER ROAD,S,No,PRIVATE PROPERTY;AUTHORIZED FOR HIRE,65,$199/mo Growth,Offer DOT Record Monitor $29/mo,"CSA areas, reports, multi-user — growing fleet (fits Growth $199)",https://safer.fmcsa.dot.gov/query.asp?searchtype=ANY&query_type=queryCarrierSnapshot&query_param=USDOT&query_string=27842
Fleet,High,SYSTEM TRANSPORT INC,SYSTEM TRANSPORT INC,27935,966,985,DENNIS  J. WILLIAMS,5096234000,lgilbert@trans-system.com,CHENEY,WA,99004,7405 S HAYFORD ROAD,S,Yes,AUTHORIZED FOR HIRE;EXEMPT FOR HIRE,120,$299/mo Fleet,Offer DOT Record Monitor $29/mo,"Unlimited seats, reports, integrations + Monitor (fits Fleet $299)",https://safer.fmcsa.dot.gov/query.asp?searchtype=ANY&query_type=queryCarrierSnapshot&query_param=USDOT&query_string=27935
Fleet,High,TWT,T-W TRANSPORT INC,27937,105,95,DENNIS  J WILLIAMS,5096234000,lgilbert@trans-system.com,CHENEY,WA,99004,7405 SOUTH HAYFORD ROAD,S,Yes,AUTHORIZED FOR HIRE,120,$299/mo Fleet,Offer DOT Record Monitor $29/mo,"Unlimited seats, reports, integrations + Monitor (fits Fleet $299)",https://safer.fmcsa.dot.gov/query.asp?searchtype=ANY&query_type=queryCarrierSnapshot&query_param=USDOT&query_string=27937
Growth,High,HIGHLINE GRAIN GROWERS INC,HIGHLINE GRAIN GROWERS INC,27945,22,9,BRAD HANSEN,5097458551,BRADH@HIGHLINEGRAIN.COM,WATERVILLE,WA,98858,104 E  ASH ST,None listed,No,AUTHORIZED FOR HIRE,60,$199/mo Growth,Offer DOT Record Monitor $29/mo,"CSA areas, reports, multi-user — growing fleet (fits Growth $199)",https://safer.fmcsa.dot.gov/query.asp?searchtype=ANY&query_type=queryCarrierSnapshot&query_param=USDOT&query_string=27945
Starter,High,WITTKOPF TRUCKING,WITTKOPF ENTERPRISES INC,27949,6,5,MIRANDA WITTKOPF WILLIAMS,5094962542,WITTKOPFENTERPRISES@GMAIL.COM,SPOKANE,WA,99217,8528 N FREYA,S,No,PRIVATE PROPERTY;AUTHORIZED FOR HIRE,120,$99/mo Starter,Mention Monitor after trial activation,Expiration tracking + document vault for small fleet (fits Starter $99),https://safer.fmcsa.dot.gov/query.asp?searchtype=ANY&query_type=queryCarrierSnapshot&query_param=USDOT&query_string=27949
Fleet,High,FAST WAY FREIGHT SYSTEM INC,FAST WAY FREIGHT SYSTEM INC,27962,66,41,MARK  WILLARD,5095349351,jeff@fastwayfreight.com,SPOKANE,WA,99202-4535,1001 N HAVANA ST,S,Yes,AUTHORIZED FOR HIRE,120,$299/mo Fleet,Offer DOT Record Monitor $29/mo,"Unlimited seats, reports, integrations + Monitor (fits Fleet $299)",https://safer.fmcsa.dot.gov/query.asp?searchtype=ANY&query_type=queryCarrierSnapshot&query_param=USDOT&query_string=27962
Growth,Medium,CHRISTENSEN OIL CO,CREST DISTRIBUTING INC,28333,23,16,TODD CHRISTENSEN,8013737970,lisa@christensenoil.com,PROVO,UT,84606-4850,595 S 200 E,None listed,Yes,PRIVATE PROPERTY;AUTHORIZED FOR HIRE,65,$199/mo Growth,Offer DOT Record Monitor $29/mo,"CSA areas, reports, multi-user — growing fleet (fits Growth $199)",https://safer.fmcsa.dot.gov/query.asp?searchtype=ANY&query_type=queryCarrierSnapshot&query_param=USDOT&query_string=28333
Fleet,Medium,CR ENGLAND,CR ENGLAND INC,28406,3807,4338,DUSTIN  ENGLAND,8019722712,dustin.england@crengland.com,SALT LAKE CITY,UT,84120,4701 W 2100S,S,Yes,AUTHORIZED FOR HIRE,95,$299/mo Fleet,Offer DOT Record Monitor $29/mo,"Unlimited seats, reports, integrations + Monitor (fits Fleet $299)",https://safer.fmcsa.dot.gov/query.asp?searchtype=ANY&query_type=queryCarrierSnapshot&query_param=USDOT&query_string=28406
Fleet,High,A L SMITH TRUCKING INC,A L SMITH TRUCKING INC,28525,55,54,CHAD V. KELCH,9375263651,CHAD@ALSMITHTRUCKING.COM,VERSAILLES,OH,45380,8984 MURPHY ROAD,S,No,AUTHORIZED FOR HIRE,120,$299/mo Fleet,Offer DOT Record Monitor $29/mo,"Unlimited seats, reports, integrations + Monitor (fits Fleet $299)",https://safer.fmcsa.dot.gov/query.asp?searchtype=ANY&query_type=queryCarrierSnapshot&query_param=USDOT&query_string=28525
Fleet,High,SUNRISE,SUNRISE TC INC,28536,224,293,ANTHONY  MYERS,4193326468,jedbookman@sunriseco-op.com,FREMONT,OH,43420,2025 W STATE STREET,S,Yes,PRIVATE PROPERTY;AUTHORIZED FOR HIRE,95,$299/mo Fleet,Offer DOT Record Monitor $29/mo,"Unlimited seats, reports, integrations + Monitor (fits Fleet $299)",https://safer.fmcsa.dot.gov/query.asp?searchtype=ANY&query_type=queryCarrierSnapshot&query_param=USDOT&query_string=28536
Fleet,High,THE SUPERIOR BEVERAGE GROUP LTD,THE SUPERIOR BEVERAGE GROUP LTD,28581,148,157,JOSEPH R. MCHENRY,4407034580,j.mchenry@SUPERIORBEVERAGEGROUP.COM,GLENWILLOW,OH,44139,31031 DIAMOND PARKWAY,None listed,No,PRIVATE PROPERTY;AUTHORIZED FOR HIRE,95,$299/mo Fleet,Offer DOT Record Monitor $29/mo,"Unlimited seats, reports, integrations + Monitor (fits Fleet $299)",https://safer.fmcsa.dot.gov/query.asp?searchtype=ANY&query_type=queryCarrierSnapshot&query_param=USDOT&query_string=28581
Growth,High,MCVAY BROTHERS CONTRACTORS INC,MCVAY BROTHERS CONTRACTORS INC,28767,18,18,KEVIN SCHNEIDER,15099284686,kevin.schneider@mcvaybrothers.com,SPOKANE VALLEY,WA,99206,11724 E MONTGOMERY DRIVE,S,No,PRIVATE PROPERTY;AUTHORIZED FOR HIRE,65,$199/mo Growth,Offer DOT Record Monitor $29/mo,"CSA areas, reports, multi-user — growing fleet (fits Growth $199)",https://safer.fmcsa.dot.gov/query.asp?searchtype=ANY&query_type=queryCarrierSnapshot&query_param=USDOT&query_string=28767
Growth,Medium,PLUNK'S WRECKER SERVICE,ROBERT W PLUNK ENTERPRISES L L C,28944,14,4,SHARON  PARKER,3183882313,sharonparker@plunks.com,WEST MONROE,LA,71292,108 JONESBORO ROAD,S,Yes,PRIVATE PROPERTY;AUTHORIZED FOR HIRE,90,$199/mo Growth,Offer DOT Record Monitor $29/mo,"CSA areas, reports, multi-user — growing fleet (fits Growth $199)",https://safer.fmcsa.dot.gov/query.asp?searchtype=ANY&query_type=queryCarrierSnapshot&query_param=USDOT&query_string=28944
Starter,Medium,CAPITOL TRUCK SERVICE LLC,CAPITOL TRUCK SERVICE LLC,28984,9,15,DAVIN  SPRING,2253449080,jennifer@capitolcompaniesbr.com,PRAIRIEVILLE,LA,70769,17321 AIRLINE HIGHWAY,C,Yes,PRIVATE PROPERTY;AUTHORIZED FOR HIRE,90,$99/mo Starter,Mention Monitor after trial activation,Expiration tracking + document vault for small fleet (fits Starter $99),https://safer.fmcsa.dot.gov/query.asp?searchtype=ANY&query_type=queryCarrierSnapshot&query_param=USDOT&query_string=28984
Fleet,High,SAIA LTL FREIGHT,SAIA MOTOR FREIGHT LINE LLC,29124,7428,7315,PATRICK  SUGAR,7702325067,nsimmons@saia.com,JOHNS CREEK,GA,30097,11465 JOHNS CREEK PKWY STE 400,S,Yes,AUTHORIZED FOR HIRE,120,$299/mo Fleet,Offer DOT Record Monitor $29/mo,"Unlimited seats, reports, integrations + Monitor (fits Fleet $299)",https://safer.fmcsa.dot.gov/query.asp?searchtype=ANY&query_type=queryCarrierSnapshot&query_param=USDOT&query_string=29124
Growth,Medium,SOUTHEASTERN MOTOR FREIGHT INC,SOUTHEASTERN MOTOR FREIGHT INC,29154,17,12,RANDY GUILLOT,5047312825,Nathan@triplegexpress.com,JEFFERSON,LA,70121,916 ST GEORGE AVE,S,Yes,AUTHORIZED FOR HIRE,120,$199/mo Growth,Offer DOT Record Monitor $29/mo,"CSA areas, reports, multi-user — growing fleet (fits Growth $199)",https://safer.fmcsa.dot.gov/query.asp?searchtype=ANY&query_type=queryCarrierSnapshot&query_param=USDOT&query_string=29154
Growth,Medium,FR8 THE FREIGHT CO,OWEN INDUSTRIES INC,29260,33,21,ROBERT OWEN TYLER OWEN,7015516880,Jklokstad@npsteel.com,CARTER LAKE,IA,51510,501 AVENUE H,S,No,PRIVATE PROPERTY;AUTHORIZED FOR HIRE,90,$199/mo Growth,Offer DOT Record Monitor $29/mo,"CSA areas, reports, multi-user — growing fleet (fits Growth $199)",https://safer.fmcsa.dot.gov/query.asp?searchtype=ANY&query_type=queryCarrierSnapshot&query_param=USDOT&query_string=29260
Growth,High,HAMPTON CRANE SERVICE INC,HAMPTON CRANE SERVICE INC,29378,14,20,LANCE D CARNEY,6152568733,TCARNEY@hamptoncrane.com,NASHVILLE,TN,37218,1499 COUNTY HOSPITAL ROAD,S,No,PRIVATE PROPERTY;AUTHORIZED FOR HIRE,95,$199/mo Growth,Offer DOT Record Monitor $29/mo,"CSA areas, reports, multi-user — growing fleet (fits Growth $199)",https://safer.fmcsa.dot.gov/query.asp?searchtype=ANY&query_type=queryCarrierSnapshot&query_param=USDOT&query_string=29378
Starter,High,SAPP TRUCKING INC,SAPP TRUCKING INC,29517,9,7,LAURA  SAPP,2299855220,dispatch@sapptrucking.com,MOULTRIE,GA,31768,2215 SYLVESTER HWY,S,No,AUTHORIZED FOR HIRE,120,$99/mo Starter,Mention Monitor after trial activation,Expiration tracking + document vault for small fleet (fits Starter $99),https://safer.fmcsa.dot.gov/query.asp?searchtype=ANY&query_type=queryCarrierSnapshot&query_param=USDOT&query_string=29517
Fleet,High,THE SCRUGGS COMPANY,THE SCRUGGS COMPANY,29540,306,121,GEORGE M AKINS II,2292422388,sdowning@scruggscompany.com,HAHIRA,GA,31632,4679 US HWY 41 NORTH,S,Yes,PRIVATE PROPERTY;AUTHORIZED FOR HIRE,60,$299/mo Fleet,Offer DOT Record Monitor $29/mo,"Unlimited seats, reports, integrations + Monitor (fits Fleet $299)",https://safer.fmcsa.dot.gov/query.asp?searchtype=ANY&query_type=queryCarrierSnapshot&query_param=USDOT&query_string=29540
Fleet,High,CSX TRANSPORTATION INC,CSX TRANSPORTATION INC,29619,2296,3474,JOE HINRICHS,8002320144,CSX@ABSAUTOSERVICES.COM,JACKSONVILLE,FL,32202-4423,500 WATER ST,S,Yes,PRIVATE PROPERTY;AUTHORIZED FOR HIRE,90,$299/mo Fleet,Offer DOT Record Monitor $29/mo,"Unlimited seats, reports, integrations + Monitor (fits Fleet $299)",https://safer.fmcsa.dot.gov/query.asp?searchtype=ANY&query_type=queryCarrierSnapshot&query_param=USDOT&query_string=29619
Fleet,High,FLORIDA ROCK & TANK LINES INC,FLORIDA ROCK & TANK LINES INC,29628,298,398,JEFFREY  PAULSEN,9043965733,,JACKSONVILLE,FL,32202,200 WEST FORSYTH 7TH FLOOR,S,Yes,AUTHORIZED FOR HIRE,55,$299/mo Fleet,Offer DOT Record Monitor $29/mo,"Unlimited seats, reports, integrations + Monitor (fits Fleet $299)",https://safer.fmcsa.dot.gov/query.asp?searchtype=ANY&query_type=queryCarrierSnapshot&query_param=USDOT&query_string=29628
Fleet,High,HONEY TRANSPORT INC,HONEY TRANSPORT INC,29653,53,37,EVERETT O. CAMPBELL,4078899726,,APOPKA,FL,32703,2994 ORANGE AVE CR-437,S,No,AUTHORIZED FOR HIRE,110,$299/mo Fleet,Offer DOT Record Monitor $29/mo,"Unlimited seats, reports, integrations + Monitor (fits Fleet $299)",https://safer.fmcsa.dot.gov/query.asp?searchtype=ANY&query_type=queryCarrierSnapshot&query_param=USDOT&query_string=29653
Starter,High,FOUNTAIN MOVING & STORAGE INC,FOUNTAIN MOVING & STORAGE INC,29659,9,8,DONALD G ARPIN JR,9122331153,,SAVANNAH,GA,31405,3507 EDWIN AVENUE,U,No,AUTHORIZED FOR HIRE,85,$99/mo Starter,Mention Monitor after trial activation,Expiration tracking + document vault for small fleet (fits Starter $99),https://safer.fmcsa.dot.gov/query.asp?searchtype=ANY&query_type=queryCarrierSnapshot&query_param=USDOT&query_string=29659
Starter,High,CORMAN TRUCKS INC,CORMAN TRUCKS INC,29706,9,7,BRUCE  CORMAN,7193467272,bc@burlingtonfeeders.com,BURLINGTON,CO,80807,202 WEBSTER AVE,S,No,AUTHORIZED FOR HIRE;EXEMPT FOR HIRE,90,$99/mo Starter,Mention Monitor after trial activation,Expiration tracking + document vault for small fleet (fits Starter $99),https://safer.fmcsa.dot.gov/query.asp?searchtype=ANY&query_type=queryCarrierSnapshot&query_param=USDOT&query_string=29706
Fleet,High,STRATTON EQUITY COOP,STRATTON EQUITY COOPERATIVE CO INC,29846,112,10,ARLAN  TANNER,7193485326,atanner@strattoncoop.com,STRATTON,CO,80836,98 COLORADO AVE,S,Yes,PRIVATE PROPERTY;AUTHORIZED FOR HIRE,90,$299/mo Fleet,Offer DOT Record Monitor $29/mo,"Unlimited seats, reports, integrations + Monitor (fits Fleet $299)",https://safer.fmcsa.dot.gov/query.asp?searchtype=ANY&query_type=queryCarrierSnapshot&query_param=USDOT&query_string=29846
Growth,High,TESSENDERLO KERLEY INC,TESSENDERLO KERLEY INC,29948,14,11,ANTOINETTE PURKEY,6028998399,antoinette.purkey@tkinet.com,PHOENIX,AZ,85018,2910 N 44TH ST SUITE 100,S,Yes,PRIVATE PROPERTY;AUTHORIZED FOR HIRE,95,$199/mo Growth,Offer DOT Record Monitor $29/mo,"CSA areas, reports, multi-user — growing fleet (fits Growth $199)",https://safer.fmcsa.dot.gov/query.asp?searchtype=ANY&query_type=queryCarrierSnapshot&query_param=USDOT&query_string=29948
Starter,Medium,SLETTEN CONSTRUCTION COMPANY,SLETTEN CONSTRUCTION COMPANY,30018,5,6,JEREMY GARNESS,4067610887,jgarness@sletteninc.com,GREAT FALLS,MT,59401,1000 25TH ST N,S,Yes,PRIVATE PROPERTY;AUTHORIZED FOR HIRE,65,$99/mo Starter,Mention Monitor after trial activation,Expiration tracking + document vault for small fleet (fits Starter $99),https://safer.fmcsa.dot.gov/query.asp?searchtype=ANY&query_type=queryCarrierSnapshot&query_param=USDOT&query_string=30018
Growth,Medium,HI-BALL TRUCKING INC,HI-BALL TRUCKING INC,30111,23,22,TANNER SMITH,4066566700,TANNER@hiballtrucking.com,BILLINGS,MT,59101,6925 COMMERCIAL AVENUE,S,No,AUTHORIZED FOR HIRE,120,$199/mo Growth,Offer DOT Record Monitor $29/mo,"CSA areas, reports, multi-user — growing fleet (fits Growth $199)",https://safer.fmcsa.dot.gov/query.asp?searchtype=ANY&query_type=queryCarrierSnapshot&query_param=USDOT&query_string=30111
Fleet,Medium,DICK IRVIN INC,DICK IRVIN INC,30115,66,60,JOSH  COMBS,4064345583,safety@dickirvininc.com,SHELBY,MT,59474,475 WILSON AVE,S,Yes,AUTHORIZED FOR HIRE,65,$299/mo Fleet,Offer DOT Record Monitor $29/mo,"Unlimited seats, reports, integrations + Monitor (fits Fleet $299)",https://safer.fmcsa.dot.gov/query.asp?searchtype=ANY&query_type=queryCarrierSnapshot&query_param=USDOT&query_string=30115
Fleet,High,BULK TRANSIT CORPORATION,BULK TRANSIT CORPORATION,30144,204,143,BRYAN  DEWOLF,6147333014,thamilton@bulktransit.com,PLAIN CITY,OH,43064,7177 INDUSTRIAL PARKWAY,S,No,AUTHORIZED FOR HIRE,55,$299/mo Fleet,Offer DOT Record Monitor $29/mo,"Unlimited seats, reports, integrations + Monitor (fits Fleet $299)",https://safer.fmcsa.dot.gov/query.asp?searchtype=ANY&query_type=queryCarrierSnapshot&query_param=USDOT&query_string=30144
Fleet,Medium,DSV ROAD TRANSPORT INC,DSV ROAD TRANSPORT INC,30161,421,340,JOHN  FARRIS,4067282600,road.mso.safety@us.dsv.com,MISSOULA,MT,59808,7211 TWO SMOKES WAY,S,Yes,AUTHORIZED FOR HIRE,120,$299/mo Fleet,Offer DOT Record Monitor $29/mo,"Unlimited seats, reports, integrations + Monitor (fits Fleet $299)",https://safer.fmcsa.dot.gov/query.asp?searchtype=ANY&query_type=queryCarrierSnapshot&query_param=USDOT&query_string=30161
Starter,Medium,SUHR TRANSPORT,SUHR TRANSPORT,30168,9,4,RICHARD MAUSETH,4067273200,ric@suhrtransport.com,GREAT FALLS,MT,59404-3286,1 HUFFMAN COURT,S,No,AUTHORIZED FOR HIRE,85,$99/mo Starter,Mention Monitor after trial activation,Expiration tracking + document vault for small fleet (fits Starter $99),https://safer.fmcsa.dot.gov/query.asp?searchtype=ANY&query_type=queryCarrierSnapshot&query_param=USDOT&query_string=30168
Growth,Medium,THE WAGGONERS TRUCKING,THE WAGGONERS TRUCKING,30176,30,30,DAVID WAGGONER,8009999097,tmeredith@waggonerstrucking.com,BILLINGS,MT,59101,5220 MIDLAND ROAD,S,Yes,AUTHORIZED FOR HIRE,90,$199/mo Growth,Offer DOT Record Monitor $29/mo,"CSA areas, reports, multi-user — growing fleet (fits Growth $199)",https://safer.fmcsa.dot.gov/query.asp?searchtype=ANY&query_type=queryCarrierSnapshot&query_param=USDOT&query_string=30176
Growth,Medium,J E WILLIAMS TRUCKING INC,J E WILLIAMS TRUCKING INC,30181,32,32,TONY POWE,4062487397,safety@jewilliamstrucking.com,BILLINGS,MT,59101,5044 MIDLAND ROAD STE B,None listed,Yes,AUTHORIZED FOR HIRE,120,$199/mo Growth,Offer DOT Record Monitor $29/mo,"CSA areas, reports, multi-user — growing fleet (fits Growth $199)",https://safer.fmcsa.dot.gov/query.asp?searchtype=ANY&query_type=queryCarrierSnapshot&query_param=USDOT&query_string=30181
Fleet,High,SBC TRANSPORTATION INC,SBC TRANSPORTATION INC,30226,213,223,STEVEN  P COOPER,3307832860,davisj@schwebels.com,YOUNGSTOWN,OH,44502,965 E MIDLOTHIAN BLVD,S,No,AUTHORIZED FOR HIRE,90,$299/mo Fleet,Offer DOT Record Monitor $29/mo,"Unlimited seats, reports, integrations + Monitor (fits Fleet $299)",https://safer.fmcsa.dot.gov/query.asp?searchtype=ANY&query_type=queryCarrierSnapshot&query_param=USDOT&query_string=30226
Fleet,High,TALON LOGISTICS INC,TALON LOGISTICS INC,30237,197,357,GRAHAM WATKINS,4127198203,robert.losekamp@gianteagle.com,CRANBERRY TOWNSHIP,PA,16066,700 CRANBERRY WOODS DRIVE,S,No,AUTHORIZED FOR HIRE,120,$299/mo Fleet,Offer DOT Record Monitor $29/mo,"Unlimited seats, reports, integrations + Monitor (fits Fleet $299)",https://safer.fmcsa.dot.gov/query.asp?searchtype=ANY&query_type=queryCarrierSnapshot&query_param=USDOT&query_string=30237
Growth,Medium,TRANSPORT EXPRESS INC,TRANSPORT EXPRESS INC,30274,13,8,VICTOR FISHER,6208554460,transportdodge@hotmail.com,CIMARRON,KS,67835,314 S MAIN ST,S,Yes,AUTHORIZED FOR HIRE,120,$199/mo Growth,Offer DOT Record Monitor $29/mo,"CSA areas, reports, multi-user — growing fleet (fits Growth $199)",https://safer.fmcsa.dot.gov/query.asp?searchtype=ANY&query_type=queryCarrierSnapshot&query_param=USDOT&query_string=30274
Growth,Medium,INTERNATIONAL EXPRESS INC,INTERNATIONAL EXPRESS INC,30305,41,29,YOKO  MITSUI,8088416005,rusty@ixhawaii.com,HONOLULU,HI,96819,1220 MIKOLE STREET,S,Yes,PRIVATE PROPERTY;AUTHORIZED FOR HIRE,120,$199/mo Growth,Offer DOT Record Monitor $29/mo,"CSA areas, reports, multi-user — growing fleet (fits Growth $199)",https://safer.fmcsa.dot.gov/query.asp?searchtype=ANY&query_type=queryCarrierSnapshot&query_param=USDOT&query_string=30305
Growth,Medium,HITCO MOVING & STORAGE,H KONO INC,30309,19,11,ANN SAKAMAKI,8089350010,HITCO001@HAWAII.RR.COM,HILO,HI,96720,144 MAKAALA STREET,S,Yes,AUTHORIZED FOR HIRE,95,$199/mo Growth,Offer DOT Record Monitor $29/mo,"CSA areas, reports, multi-user — growing fleet (fits Growth $199)",https://safer.fmcsa.dot.gov/query.asp?searchtype=ANY&query_type=queryCarrierSnapshot&query_param=USDOT&query_string=30309
Growth,High,MADDUX & SONS INC,MADDUX & SONS INC,30410,29,18,CLINTON R MADDUX,5203647564,sicedo@madduxsons.com,DOUGLAS,AZ,85607-1136,4000 NORTH LESLIE CANYON ROAD,S,No,OTHER-AZ MOTORCARRIER;AUTHORIZED FOR HIRE,65,$199/mo Growth,Offer DOT Record Monitor $29/mo,"CSA areas, reports, multi-user — growing fleet (fits Growth $199)",https://safer.fmcsa.dot.gov/query.asp?searchtype=ANY&query_type=queryCarrierSnapshot&query_param=USDOT&query_string=30410
Growth,High,TERESI TRUCKING LLC,TERESI TRUCKING LLC,30477,28,20,ANTHONY T TERESI,2093682472,ATTERESI@TERESITRUCKING.COM,LODI,CA,95240,900 ONE HALF EAST VICTOR RD,S,Yes,AUTHORIZED FOR HIRE,120,$199/mo Growth,Offer DOT Record Monitor $29/mo,"CSA areas, reports, multi-user — growing fleet (fits Growth $199)",https://safer.fmcsa.dot.gov/query.asp?searchtype=ANY&query_type=queryCarrierSnapshot&query_param=USDOT&query_string=30477
Fleet,High,YANDELL TRUCKAWAY INC,YANDELL TRUCKAWAY INC,30503,55,55,JASON RODRIGUES,9259889800,jrodrigues@yandelltruckaway.com,BENICIA,CA,94510,360 INDUSTRIAL COURT STE A,None listed,No,AUTHORIZED FOR HIRE,120,$299/mo Fleet,Offer DOT Record Monitor $29/mo,"Unlimited seats, reports, integrations + Monitor (fits Fleet $299)",https://safer.fmcsa.dot.gov/query.asp?searchtype=ANY&query_type=queryCarrierSnapshot&query_param=USDOT&query_string=30503
Fleet,Medium,NEVADA READY MIX CORP,NEVADA READY MIX CORP,30579,112,79,LARRY MILLER,7024294436,lmiller@nevadareadymix.com,HENDERSON,NV,89014,151 CASSIA WAY,None listed,No,PRIVATE PROPERTY;AUTHORIZED FOR HIRE,65,$299/mo Fleet,Offer DOT Record Monitor $29/mo,"Unlimited seats, reports, integrations + Monitor (fits Fleet $299)",https://safer.fmcsa.dot.gov/query.asp?searchtype=ANY&query_type=queryCarrierSnapshot&query_param=USDOT&query_string=30579
Starter,Medium,O'BRIENS MOVING & STORAGE INC,O'BRIENS MOVING & STORAGE INC,30611,5,5,SEAN O'BRIEN,7753596683,sobrien@obriensmoving.com,SPARKS,NV,89431,2277 GLENDALE AVE,S,No,AUTHORIZED FOR HIRE,95,$99/mo Starter,Mention Monitor after trial activation,Expiration tracking + document vault for small fleet (fits Starter $99),https://safer.fmcsa.dot.gov/query.asp?searchtype=ANY&query_type=queryCarrierSnapshot&query_param=USDOT&query_string=30611
Fleet,Medium,PREFERRED BUILDING SYSTEMS,LAVALLEY BUILDING SUPPLY LLC,30773,56,46,LAWRENCE L HUOT,6038631050,JHEMINGWAY@LAVALLEYS.COM,NEWPORT,NH,03773,351 SUNAPEE STREET,None listed,No,AUTHORIZED FOR HIRE,65,$299/mo Fleet,Offer DOT Record Monitor $29/mo,"Unlimited seats, reports, integrations + Monitor (fits Fleet $299)",https://safer.fmcsa.dot.gov/query.asp?searchtype=ANY&query_type=queryCarrierSnapshot&query_param=USDOT&query_string=30773
Starter,Medium,WM PERRY TRUCKING INC,WM PERRY TRUCKING INC,30888,5,5,THOMAS PERRY,7818437732,WMPERTRUINCTWO@YAHOO.COM,BRAINTREE,MA,02184-2203,1 WARREN AVE,S,No,AUTHORIZED FOR HIRE,120,$99/mo Starter,Mention Monitor after trial activation,Expiration tracking + document vault for small fleet (fits Starter $99),https://safer.fmcsa.dot.gov/query.asp?searchtype=ANY&query_type=queryCarrierSnapshot&query_param=USDOT&query_string=30888
Starter,High,WESTERN CARRIERS INC,WESTERN CARRIERS INC,30924,8,4,TAD  FRANZMAN,2018693300,,NORTH BERGEN,NJ,07047,2220 91ST STREET,S,No,AUTHORIZED FOR HIRE,80,$99/mo Starter,Mention Monitor after trial activation,Expiration tracking + document vault for small fleet (fits Starter $99),https://safer.fmcsa.dot.gov/query.asp?searchtype=ANY&query_type=queryCarrierSnapshot&query_param=USDOT&query_string=30924
Growth,Medium,WESTWOOD CARTAGE INC,WESTWOOD CARTAGE INC,30925,23,43,CAROL MCCARTHY,8007253030,MGREEN@TRANSLEASEGROUP.COM,SPRINGFIELD,MA,01104,120 CARANDO DRIVE,S,No,AUTHORIZED FOR HIRE;U. S. MAIL,95,$199/mo Growth,Offer DOT Record Monitor $29/mo,"CSA areas, reports, multi-user — growing fleet (fits Growth $199)",https://safer.fmcsa.dot.gov/query.asp?searchtype=ANY&query_type=queryCarrierSnapshot&query_param=USDOT&query_string=30925
Fleet,High,NORBET TRUCKING CORP,NORBET TRUCKING CORP,31051,106,42,JOHN  F RINGWOOD JR,8002205058,jringwood@marinoware.com,SOUTH PLAINFIELD,NJ,07080,400 METUCHEN ROAD,S,No,AUTHORIZED FOR HIRE,115,$299/mo Fleet,Offer DOT Record Monitor $29/mo,"Unlimited seats, reports, integrations + Monitor (fits Fleet $299)",https://safer.fmcsa.dot.gov/query.asp?searchtype=ANY&query_type=queryCarrierSnapshot&query_param=USDOT&query_string=31051
Growth,Medium,BRIDGEWATER FARM SUPPLY CO INC,BRIDGEWATER FARM SUPPLY CO INC,31259,15,6,ANNMARIE I QUIN,5086970357,bfsdispatch@comcast.net,BRIDGEWATER,MA,02324,1000 PLYMOUTH STREET,S,No,PRIVATE PROPERTY;AUTHORIZED FOR HIRE;EXEMPT FOR HIRE,90,$199/mo Growth,Offer DOT Record Monitor $29/mo,"CSA areas, reports, multi-user — growing fleet (fits Growth $199)",https://safer.fmcsa.dot.gov/query.asp?searchtype=ANY&query_type=queryCarrierSnapshot&query_param=USDOT&query_string=31259
Starter,High,PRESIDENT CONTAINER INC,PRESIDENT CONTAINER INC,31550,10,10,LAWRENCE GROSSBARD,2019337500,NENGELS@PRESIDENTCONTAINER.COM,MOONACHIE,NJ,07074-1684,200 W COMMERCIAL AVE,S,No,PRIVATE PROPERTY;AUTHORIZED FOR HIRE,65,$99/mo Starter,Mention Monitor after trial activation,Expiration tracking + document vault for small fleet (fits Starter $99),https://safer.fmcsa.dot.gov/query.asp?searchtype=ANY&query_type=queryCarrierSnapshot&query_param=USDOT&query_string=31550
Starter,High,SCHAAP MOVING SYSTEMS INC,SCHAAP MOVING SYSTEMS INC,31675,10,10,STEVEN SCHAAP,5184592220,,ALBANY,NY,12205,6 BROWN ROAD,C,No,OTHER-UNKNOWN;AUTHORIZED FOR HIRE,55,$99/mo Starter,Mention Monitor after trial activation,Expiration tracking + document vault for small fleet (fits Starter $99),https://safer.fmcsa.dot.gov/query.asp?searchtype=ANY&query_type=queryCarrierSnapshot&query_param=USDOT&query_string=31675
Growth,High,WADE TOURS INC,WADE TOURS INC,31678,29,56,GREGORY DELORENZO,5183554500,LAURIE@WADETOURS.COM,SCHENECTADY,NY,12306-1297,797 BURDECK ST,S,No,AUTHORIZED FOR HIRE,65,$199/mo Growth,Offer DOT Record Monitor $29/mo,"CSA areas, reports, multi-user — growing fleet (fits Growth $199)",https://safer.fmcsa.dot.gov/query.asp?searchtype=ANY&query_type=queryCarrierSnapshot&query_param=USDOT&query_string=31678
Fleet,High,HALL'S FAST MOTOR FREIGHT INC,HALL'S FAST MOTOR FREIGHT INC,31751,63,48,EDWARD RUNSER,9087566242,Ned.runser@americold.com,SOUTH PLAINFIELD,NJ,07080,601 KENTILE ROAD,S,Yes,AUTHORIZED FOR HIRE,120,$299/mo Fleet,Offer DOT Record Monitor $29/mo,"Unlimited seats, reports, integrations + Monitor (fits Fleet $299)",https://safer.fmcsa.dot.gov/query.asp?searchtype=ANY&query_type=queryCarrierSnapshot&query_param=USDOT&query_string=31751
Fleet,High,CLARK TRANSFER INC,CLARK TRANSFER INC,31782,107,128,JONATHAN DEULL,7172386581,mreiprich@clarktransfer.com,HARRISBURG,PA,17104,800-A PAXTON STREET,S,No,AUTHORIZED FOR HIRE,95,$299/mo Fleet,Offer DOT Record Monitor $29/mo,"Unlimited seats, reports, integrations + Monitor (fits Fleet $299)",https://safer.fmcsa.dot.gov/query.asp?searchtype=ANY&query_type=queryCarrierSnapshot&query_param=USDOT&query_string=31782
Fleet,High,REAGENT CHEMICAL & RESEARCH INC,REAGENT CHEMICAL & RESEARCH LLC,31816,499,176,FRANK  WOHLETZ,9082842800,dbuonavolonta@reagentchemical.com,RINGOES,NJ,08551,115 ROUTE 202,S,Yes,PRIVATE PROPERTY;AUTHORIZED FOR HIRE,60,$299/mo Fleet,Offer DOT Record Monitor $29/mo,"Unlimited seats, reports, integrations + Monitor (fits Fleet $299)",https://safer.fmcsa.dot.gov/query.asp?searchtype=ANY&query_type=queryCarrierSnapshot&query_param=USDOT&query_string=31816
Growth,High,BOHRENS LOGISTICS BOHRENS FINE ART TRANSPORTATION,BOHRENS MOVING AND STORAGE INC,31912,19,23,DENISE HEWITT,6092081470,BOHRENSMOVING.COM,ROBBINSVILLE,NJ,08691,3 APPLEGATE DR SO,S,Yes,AUTHORIZED FOR HIRE,120,$199/mo Growth,Offer DOT Record Monitor $29/mo,"CSA areas, reports, multi-user — growing fleet (fits Growth $199)",https://safer.fmcsa.dot.gov/query.asp?searchtype=ANY&query_type=queryCarrierSnapshot&query_param=USDOT&query_string=31912
Growth,High,BOYLE TRANSPORTATION SERVICES LLC,BOYLE TRANSPORTATION SERVICES LLC,31929,38,33,MICHAEL ROSMINI,8569835666,MIKE.ROSMIN@BOYLETRANSPORTSERVICES.COM,MARLTON,NJ,08053,130 SHARP ROAD,S,No,AUTHORIZED FOR HIRE,120,$199/mo Growth,Offer DOT Record Monitor $29/mo,"CSA areas, reports, multi-user — growing fleet (fits Growth $199)",https://safer.fmcsa.dot.gov/query.asp?searchtype=ANY&query_type=queryCarrierSnapshot&query_param=USDOT&query_string=31929
Starter,High,BROADWAY MOVING & STORAGE INC,BROADWAY MOVING & STORAGE INC,31949,9,6,RICHARD N CROCKER,6093964561,info@broadwaymovers.com,TRENTON,NJ,08609,1000 NOTTINGHAM WAY,None listed,No,AUTHORIZED FOR HIRE,65,$99/mo Starter,Mention Monitor after trial activation,Expiration tracking + document vault for small fleet (fits Starter $99),https://safer.fmcsa.dot.gov/query.asp?searchtype=ANY&query_type=queryCarrierSnapshot&query_param=USDOT&query_string=31949
Starter,High,BROOKNEAL POULTRY INC,BROOKNEAL POULTRY INC,32024,9,9,SHERRI DALTON,4343762382,WES@BROOKNEALPOULTRY.COM,BROOKNEAL,VA,24528-2502,102 BOOKER RD,S,No,PRIVATE PROPERTY;AUTHORIZED FOR HIRE;EXEMPT FOR HIRE,65,$99/mo Starter,Mention Monitor after trial activation,Expiration tracking + document vault for small fleet (fits Starter $99),https://safer.fmcsa.dot.gov/query.asp?searchtype=ANY&query_type=queryCarrierSnapshot&query_param=USDOT&query_string=32024
Fleet,High,CROSBY TRUCKING SERVICE INC,CROSBY TRUCKING SERVICE INC,32052,96,75,MELISSA  BOSSERMAN,5402349268,mbosserman@crosbytrucking.com,MT SIDNEY,VA,24467,270 KEEZLETOWN ROAD,S,No,AUTHORIZED FOR HIRE,120,$299/mo Fleet,Offer DOT Record Monitor $29/mo,"Unlimited seats, reports, integrations + Monitor (fits Fleet $299)",https://safer.fmcsa.dot.gov/query.asp?searchtype=ANY&query_type=queryCarrierSnapshot&query_param=USDOT&query_string=32052
Starter,Medium,BRANDYWINE TRUCKS AND EQUIPMENT INC,BRANDYWINE TRUCKS AND EQUIPMENT INC,32169,6,6,HENRY MEINHARDT III,3013720083,melanie@brandywine-eqp.com,BRANDYWINE,MD,20613,14000 CRAIN HWY,S,Yes,AUTHORIZED FOR HIRE,90,$99/mo Starter,Mention Monitor after trial activation,Expiration tracking + document vault for small fleet (fits Starter $99),https://safer.fmcsa.dot.gov/query.asp?searchtype=ANY&query_type=queryCarrierSnapshot&query_param=USDOT&query_string=32169
Fleet,High,APPALACHIAN FREIGHT CARRIERS INC,APPALACHIAN FREIGHT CARRIERS INC,32173,96,86,JEFF PENCE,5409848514,wruby@appalachianfreight.com,EDINBURG,VA,22824,12919 OLD VALLEY PIKE,S,No,AUTHORIZED FOR HIRE,120,$299/mo Fleet,Offer DOT Record Monitor $29/mo,"Unlimited seats, reports, integrations + Monitor (fits Fleet $299)",https://safer.fmcsa.dot.gov/query.asp?searchtype=ANY&query_type=queryCarrierSnapshot&query_param=USDOT&query_string=32173
Growth,Medium,MIDLAND IMPLEMENT CO INC,MIDLAND IMPLEMENT CO INC,32354,11,11,GARY PATES,4062487771,rpates@MIDLANDIMPLEMENT.COM,BILLINGS,MT,59101-3217,402 DANIELS ST,S,Yes,PRIVATE PROPERTY;AUTHORIZED FOR HIRE,95,$199/mo Growth,Offer DOT Record Monitor $29/mo,"CSA areas, reports, multi-user — growing fleet (fits Growth $199)",https://safer.fmcsa.dot.gov/query.asp?searchtype=ANY&query_type=queryCarrierSnapshot&query_param=USDOT&query_string=32354
Starter,High,ROBERT GRIM WELDING COMPANY INC,ROBERT GRIM WELDING COMPANY INC,32451,5,4,ROBERT WILLIAM GRIM,3304264149,grimcraneservice@COMCAST.NET,EAST PALESTINE,OH,44413-1048,1415 BROOKDALE AVE,S,No,AUTHORIZED FOR HIRE,95,$99/mo Starter,Mention Monitor after trial activation,Expiration tracking + document vault for small fleet (fits Starter $99),https://safer.fmcsa.dot.gov/query.asp?searchtype=ANY&query_type=queryCarrierSnapshot&query_param=USDOT&query_string=32451
Fleet,High,BRANCH CIVIL INC,BRANCH CIVIL INC,32509,90,87,CHRIS CALDWELL,5403668853,CHRISc@BRANChcivil.COM,ROANOKE,VA,24019,3635 PETERS CREEK RD,S,Yes,PRIVATE PROPERTY;AUTHORIZED FOR HIRE,65,$299/mo Fleet,Offer DOT Record Monitor $29/mo,"Unlimited seats, reports, integrations + Monitor (fits Fleet $299)",https://safer.fmcsa.dot.gov/query.asp?searchtype=ANY&query_type=queryCarrierSnapshot&query_param=USDOT&query_string=32509
Fleet,High,DAVENPORT ENERGY,DAVENPORT ENERGY LLC,32551,127,94,LEWIS  WALL,4344320251,tyeatts@davenportenergy.com,CHATHAM,VA,24531-0879,108 S  MAIN STREET,None listed,Yes,PRIVATE PROPERTY;AUTHORIZED FOR HIRE,65,$299/mo Fleet,Offer DOT Record Monitor $29/mo,"Unlimited seats, reports, integrations + Monitor (fits Fleet $299)",https://safer.fmcsa.dot.gov/query.asp?searchtype=ANY&query_type=queryCarrierSnapshot&query_param=USDOT&query_string=32551
Growth,High,E E LYONS CONSTRUCTION CO INC,E E LYONS CONSTRUCTION CO INC,32637,30,11,JAMES A LYONS,7037592171,KATHYFOREAKER@AOL.COM,VIENNA,VA,22182,9325 LEEBURG PIKE,S,Yes,PRIVATE PROPERTY;AUTHORIZED FOR HIRE,60,$199/mo Growth,Offer DOT Record Monitor $29/mo,"CSA areas, reports, multi-user — growing fleet (fits Growth $199)",https://safer.fmcsa.dot.gov/query.asp?searchtype=ANY&query_type=queryCarrierSnapshot&query_param=USDOT&query_string=32637
Growth,High,INTERSTATE VAN LINES INC,INTERSTATE VAN LINES INC,32658,25,15,"KENNETH  MORRISSETTE, JR",7035692121,safety@invan.com,WEST SPRINGFIELD,VA,22152-1099,5801 ROLLING ROAD,S,Yes,AUTHORIZED FOR HIRE,95,$199/mo Growth,Offer DOT Record Monitor $29/mo,"CSA areas, reports, multi-user — growing fleet (fits Growth $199)",https://safer.fmcsa.dot.gov/query.asp?searchtype=ANY&query_type=queryCarrierSnapshot&query_param=USDOT&query_string=32658
Starter,Medium,KEILHOLTZ TRUCKING SERVICE INC,KEILHOLTZ TRUCKING SERVICE INC,32697,10,8,DONALD  KEILHOLTZ,3012712358,kts2go@verizon.net,THURMONT,MD,21788,300 EYLER ROAD,S,No,AUTHORIZED FOR HIRE,120,$99/mo Starter,Mention Monitor after trial activation,Expiration tracking + document vault for small fleet (fits Starter $99),https://safer.fmcsa.dot.gov/query.asp?searchtype=ANY&query_type=queryCarrierSnapshot&query_param=USDOT&query_string=32697
Fleet,Medium,KELLER BUS SERVICE,KELLER TRANSPORTATION INC,32700,99,64,ERNEST  KELLER III,3018431881,ckeller.kellerbus@comcast.net,WALDORF,MD,20601,4472 GALLANT GREEN RD,S,No,"PRIVATE PASSENGER, BUSINESS;PRIVATE PASSENGER, NON-BUSINESS;AUTHORIZED FOR HIRE",50,$299/mo Fleet,Offer DOT Record Monitor $29/mo,"Unlimited seats, reports, integrations + Monitor (fits Fleet $299)",https://safer.fmcsa.dot.gov/query.asp?searchtype=ANY&query_type=queryCarrierSnapshot&query_param=USDOT&query_string=32700
Starter,High,FARMER'S GIN & STORAGE COMPANY INC,FARMER'S GIN & STORAGE COMPANY INC,32720,10,10,ALISA  HOLLEY,4782525311,farm_gin@bellsouth.net,WADLEY,GA,30477,52 S  MARTIN LUTHER KING BLVD,S,No,AUTHORIZED FOR HIRE,95,$99/mo Starter,Mention Monitor after trial activation,Expiration tracking + document vault for small fleet (fits Starter $99),https://safer.fmcsa.dot.gov/query.asp?searchtype=ANY&query_type=queryCarrierSnapshot&query_param=USDOT&query_string=32720
Fleet,High,B BRENNTAG,BRENNTAG NORTHEAST LLC,32866,63,58,JT  HILL,6109264151,mail@natc-inc.com,READING,PA,19605,81 W HULLER LANE,S,Yes,PRIVATE PROPERTY;AUTHORIZED FOR HIRE,65,$299/mo Fleet,Offer DOT Record Monitor $29/mo,"Unlimited seats, reports, integrations + Monitor (fits Fleet $299)",https://safer.fmcsa.dot.gov/query.asp?searchtype=ANY&query_type=queryCarrierSnapshot&query_param=USDOT&query_string=32866
Growth,Medium,MCELROY METAL INC,MCELROY METAL INC,33048,42,43,IAN   MCELROY,3187478000,shunter@mcelroymetal.com,BOSSIER CITY,LA,71111,1500 HAMILTON ROAD,S,No,PRIVATE PROPERTY;AUTHORIZED FOR HIRE,65,$199/mo Growth,Offer DOT Record Monitor $29/mo,"CSA areas, reports, multi-user — growing fleet (fits Growth $199)",https://safer.fmcsa.dot.gov/query.asp?searchtype=ANY&query_type=queryCarrierSnapshot&query_param=USDOT&query_string=33048
Growth,High,ROBERT C BAER & SONS INC,ROBERT C BAER & SONS INC,33205,11,8,"RANDY C BAER, RICKY A BAER",6105824110,dankrisbaer@aol.com,BIRDSBORO,PA,19508,2936 LIMEKILN RD,None listed,No,AUTHORIZED FOR HIRE,95,$199/mo Growth,Offer DOT Record Monitor $29/mo,"CSA areas, reports, multi-user — growing fleet (fits Growth $199)",https://safer.fmcsa.dot.gov/query.asp?searchtype=ANY&query_type=queryCarrierSnapshot&query_param=USDOT&query_string=33205
Growth,High,F M BROWN'S SONS INC,F M BROWN'S SONS INC,33310,28,19,JENNIFER  HINKLE,6109447654,georgebrown@fmbrown.com,FLEETWOOD,PA,19522,118 W MAIN ST,S,No,PRIVATE PROPERTY;AUTHORIZED FOR HIRE,65,$199/mo Growth,Offer DOT Record Monitor $29/mo,"CSA areas, reports, multi-user — growing fleet (fits Growth $199)",https://safer.fmcsa.dot.gov/query.asp?searchtype=ANY&query_type=queryCarrierSnapshot&query_param=USDOT&query_string=33310
Starter,Medium,DELAWARE BRICK CO,DELAWARE BRICK CO,33586,9,6,MORRIS (MARCIE) CALLAGHAN,3029940948,jkuhn@DELAWAREBRICK.COM,WILMINGTON,DE,19804-2006,1114 CENTERVILLE RD,C,No,PRIVATE PROPERTY;AUTHORIZED FOR HIRE,95,$99/mo Starter,Mention Monitor after trial activation,Expiration tracking + document vault for small fleet (fits Starter $99),https://safer.fmcsa.dot.gov/query.asp?searchtype=ANY&query_type=queryCarrierSnapshot&query_param=USDOT&query_string=33586
Fleet,Medium,CATO GAS & OIL,CATO INC,33644,55,30,PETE  PHOEBUS,4105461215,pete@catoinc.com,SALISBURY,MD,21801,1004 PARSONS ROAD,S,Yes,PRIVATE PROPERTY;AUTHORIZED FOR HIRE,65,$299/mo Fleet,Offer DOT Record Monitor $29/mo,"Unlimited seats, reports, integrations + Monitor (fits Fleet $299)",https://safer.fmcsa.dot.gov/query.asp?searchtype=ANY&query_type=queryCarrierSnapshot&query_param=USDOT&query_string=33644
Starter,Medium,T G ADAMS & SONS INC,T G ADAMS & SONS INC,33675,7,6,BRENT M ADAMS JR,3023378281,BEKBEK499@HOTMAIL.COM,BRIDGEVILLE,DE,19933,RAILROAD AVENUE,C,No,AUTHORIZED FOR HIRE,95,$99/mo Starter,Mention Monitor after trial activation,Expiration tracking + document vault for small fleet (fits Starter $99),https://safer.fmcsa.dot.gov/query.asp?searchtype=ANY&query_type=queryCarrierSnapshot&query_param=USDOT&query_string=33675
Growth,Medium,ALGER OIL & PROPANE,ALGER OIL INC,33679,21,9,CHRIS HAAB,6109324104,rc@algeroil.com,CHESTERTOWN,MD,21620,25445 COMMERCE LN,S,Yes,PRIVATE PROPERTY;AUTHORIZED FOR HIRE,60,$199/mo Growth,Offer DOT Record Monitor $29/mo,"CSA areas, reports, multi-user — growing fleet (fits Growth $199)",https://safer.fmcsa.dot.gov/query.asp?searchtype=ANY&query_type=queryCarrierSnapshot&query_param=USDOT&query_string=33679
Fleet,High,BP,BP PRODUCTS NORTH AMERICA INC,33731,139,44,CHRISTOPHER DELLAFRANCO,2194737700,amy.castellanos@bp.com,WHITING,IN,46394,2815 INDIANAPOLIS BLVD,S,Yes,"PRIVATE PROPERTY;PRIVATE PASSENGER, BUSINESS;AUTHORIZED FOR HIRE",50,$299/mo Fleet,Offer DOT Record Monitor $29/mo,"Unlimited seats, reports, integrations + Monitor (fits Fleet $299)",https://safer.fmcsa.dot.gov/query.asp?searchtype=ANY&query_type=queryCarrierSnapshot&query_param=USDOT&query_string=33731
Starter,High,H E FOX INC,H E FOX INC,33852,8,4,TERRY R REDDINGER,8142751455,hefox@windstream.net,DISTANT,PA,16223,3126 STATE ROUTE 28/66,S,No,AUTHORIZED FOR HIRE,65,$99/mo Starter,Mention Monitor after trial activation,Expiration tracking + document vault for small fleet (fits Starter $99),https://safer.fmcsa.dot.gov/query.asp?searchtype=ANY&query_type=queryCarrierSnapshot&query_param=USDOT&query_string=33852
Fleet,High,IRVIN RAPHAEL INC,IRVIN RAPHAEL INC,33955,130,137,AMY RAPHAEL,7322512447,ARAPHAEL@RAPHAELBUS.COM,EAST BRUNSWICK,NJ,08816,550 OLD STAGE ROAD,S,No,AUTHORIZED FOR HIRE,65,$299/mo Fleet,Offer DOT Record Monitor $29/mo,"Unlimited seats, reports, integrations + Monitor (fits Fleet $299)",https://safer.fmcsa.dot.gov/query.asp?searchtype=ANY&query_type=queryCarrierSnapshot&query_param=USDOT&query_string=33955
Growth,Medium,ALLIED STEEL CONST,ALLIED STEEL CONSTRUCTION CO LLC,34134,37,36,TIM BRICKER,4052327531,tbricker@alliedsteelerectors.com,OKLAHOMA CITY,OK,73107-6905,2211 NW 1ST TER,S,Yes,PRIVATE PROPERTY;AUTHORIZED FOR HIRE,65,$199/mo Growth,Offer DOT Record Monitor $29/mo,"CSA areas, reports, multi-user — growing fleet (fits Growth $199)",https://safer.fmcsa.dot.gov/query.asp?searchtype=ANY&query_type=queryCarrierSnapshot&query_param=USDOT&query_string=34134
Fleet,Medium,ACE TRANSFER & STORAGE CO,ACE TRANSFER & STORAGE CO,34170,55,44,JASON CLARK,4056724425,JASONC@aceatlas.com,OKLAHOMA CITY,OK,73129,1700 S EASTERN AVE,C,No,AUTHORIZED FOR HIRE,95,$299/mo Fleet,Offer DOT Record Monitor $29/mo,"Unlimited seats, reports, integrations + Monitor (fits Fleet $299)",https://safer.fmcsa.dot.gov/query.asp?searchtype=ANY&query_type=queryCarrierSnapshot&query_param=USDOT&query_string=34170
Growth,High,HILBURN TRUCKING INC,HILBURN TRUCKING INC,34199,15,10,RONALD W. HILBURN SR.,3097921895,DHILBURN@HILBURNTRUCKING.COM,INDEPENDENCE,MO,64057,2920 S JACKSON DR,S,No,AUTHORIZED FOR HIRE,120,$199/mo Growth,Offer DOT Record Monitor $29/mo,"CSA areas, reports, multi-user — growing fleet (fits Growth $199)",https://safer.fmcsa.dot.gov/query.asp?searchtype=ANY&query_type=queryCarrierSnapshot&query_param=USDOT&query_string=34199
Starter,Medium,CONTINENTAL DRIVE AWAY INC,CONTINENTAL DRIVE AWAY INC,34213,8,8,BRENT PIERCE,5804672987,AP@CDAMAIL.COM,DUNCAN,OK,73533,701 W MAIN ST SUITE 7,None listed,Yes,AUTHORIZED FOR HIRE,95,$99/mo Starter,Mention Monitor after trial activation,Expiration tracking + document vault for small fleet (fits Starter $99),https://safer.fmcsa.dot.gov/query.asp?searchtype=ANY&query_type=queryCarrierSnapshot&query_param=USDOT&query_string=34213
Growth,Medium,CRABBS TRANSPORT INC,CRABBS TRANSPORT INC,34219,18,20,BRADLEY PIERCE,5802333678,BRADLEY@PLDI.NET,ENID,OK,73701,1303 S 66TH STREET,S,No,AUTHORIZED FOR HIRE,120,$199/mo Growth,Offer DOT Record Monitor $29/mo,"CSA areas, reports, multi-user — growing fleet (fits Growth $199)",https://safer.fmcsa.dot.gov/query.asp?searchtype=ANY&query_type=queryCarrierSnapshot&query_param=USDOT&query_string=34219
Growth,Medium,EMRICKS VAN & STORAGE CO INC,EMRICKS VAN & STORAGE CO INC,34233,20,20,STACY BAKER CUMPTON,4059464405,,OKLAHOMA CITY,OK,73107,4021 NW 3RD STREET,None listed,No,AUTHORIZED FOR HIRE,55,$199/mo Growth,Offer DOT Record Monitor $29/mo,"CSA areas, reports, multi-user — growing fleet (fits Growth $199)",https://safer.fmcsa.dot.gov/query.asp?searchtype=ANY&query_type=queryCarrierSnapshot&query_param=USDOT&query_string=34233
Growth,Medium,GLASS TI LLC,GLASS TI LLC,34241,43,31,AARON BIRD,5803626221,AARON.BIRD@GLASSTRUCKINGOK.COM,NEWKIRK,OK,74647,200 E 6TH,S,No,AUTHORIZED FOR HIRE,95,$199/mo Growth,Offer DOT Record Monitor $29/mo,"CSA areas, reports, multi-user — growing fleet (fits Growth $199)",https://safer.fmcsa.dot.gov/query.asp?searchtype=ANY&query_type=queryCarrierSnapshot&query_param=USDOT&query_string=34241
Starter,Medium,CHEVALLEY MOVING & STORAGE OF DEWEY INC,CHEVALLEY MOVING & STORAGE OF DEWEY INC,34292,8,7,EDWARD AMBARIAN,9185343434,chevdok@cableone.net,DEWEY,OK,74029,323 N OSAGE,None listed,No,OTHER-UNKNOWN;AUTHORIZED FOR HIRE,65,$99/mo Starter,Mention Monitor after trial activation,Expiration tracking + document vault for small fleet (fits Starter $99),https://safer.fmcsa.dot.gov/query.asp?searchtype=ANY&query_type=queryCarrierSnapshot&query_param=USDOT&query_string=34292
Starter,High,ANDY'S TRANSFER & STORAGE,ANDY'S STORAGE & VAN LINES INC,34378,6,4,HARRY J. KROENING,8182492016,joekroening@andystransfer.com,GLENDALE,CA,91208,3464 N VERDUGO RD,S,No,AUTHORIZED FOR HIRE,65,$99/mo Starter,Mention Monitor after trial activation,Expiration tracking + document vault for small fleet (fits Starter $99),https://safer.fmcsa.dot.gov/query.asp?searchtype=ANY&query_type=queryCarrierSnapshot&query_param=USDOT&query_string=34378
Starter,High,ANTELOPE VALLEY VAN AND STORAGE,ANTELOPE VALLEY REFRIGERATING CO,34380,6,5,MICHAEL G SCHAFER,6619474121,avvsmoving@gmail.com,PALMDALE,CA,93550,602  EAST AVE R,None listed,No,AUTHORIZED FOR HIRE,65,$99/mo Starter,Mention Monitor after trial activation,Expiration tracking + document vault for small fleet (fits Starter $99),https://safer.fmcsa.dot.gov/query.asp?searchtype=ANY&query_type=queryCarrierSnapshot&query_param=USDOT&query_string=34380
Fleet,High,GARDA CL WEST INC,GARDA CL WEST INC,34382,380,533,PAOLA  MARACHLY,5619397000,paola.marachly@garda.com,BOCA RATON,FL,33431,2000 NW CORPORTATE BLVD,S,No,AUTHORIZED FOR HIRE,65,$299/mo Fleet,Offer DOT Record Monitor $29/mo,"Unlimited seats, reports, integrations + Monitor (fits Fleet $299)",https://safer.fmcsa.dot.gov/query.asp?searchtype=ANY&query_type=queryCarrierSnapshot&query_param=USDOT&query_string=34382
Growth,High,A-JAY EXCAVATING INC,A-JAY EXCAVATING INC,34396,14,10,JOHN  DALLAIRE,8054660300,lynn@a-jay.com,ATASCADERO,CA,93422,10415 ROCKY CANYON RD,None listed,Yes,PRIVATE PROPERTY;AUTHORIZED FOR HIRE,65,$199/mo Growth,Offer DOT Record Monitor $29/mo,"CSA areas, reports, multi-user — growing fleet (fits Growth $199)",https://safer.fmcsa.dot.gov/query.asp?searchtype=ANY&query_type=queryCarrierSnapshot&query_param=USDOT&query_string=34396
Starter,High,PACK & CRATE SERVICES,PACK & CRATE SERVICES,34546,10,10,ROBERT  H SHEPARD,9097801073,sales@packncrate.com,ESCONDIDO,CA,92025,351 SOUTH QUINCE STREET,None listed,No,PRIVATE PROPERTY;AUTHORIZED FOR HIRE,95,$99/mo Starter,Mention Monitor after trial activation,Expiration tracking + document vault for small fleet (fits Starter $99),https://safer.fmcsa.dot.gov/query.asp?searchtype=ANY&query_type=queryCarrierSnapshot&query_param=USDOT&query_string=34546
Fleet,Medium,MELTON TRUCK LINES INC,MELTON TRUCK LINES INC,34666,1395,1223,LISA MASON,9182341000,weathers@meltontruck.com,TULSA,OK,74116,808 N 161ST EAST AVE,S,Yes,AUTHORIZED FOR HIRE,120,$299/mo Fleet,Offer DOT Record Monitor $29/mo,"Unlimited seats, reports, integrations + Monitor (fits Fleet $299)",https://safer.fmcsa.dot.gov/query.asp?searchtype=ANY&query_type=queryCarrierSnapshot&query_param=USDOT&query_string=34666
Fleet,High,BAKER COMMODITIES INC,BAKER COMMODITIES INC,34909,366,251,JAMES ANDREOLI,3232682801,ralves@bakercommodities.com,VERNON,CA,90058,4020 BANDINI BLVD,S,No,PRIVATE PROPERTY;AUTHORIZED FOR HIRE,65,$299/mo Fleet,Offer DOT Record Monitor $29/mo,"Unlimited seats, reports, integrations + Monitor (fits Fleet $299)",https://safer.fmcsa.dot.gov/query.asp?searchtype=ANY&query_type=queryCarrierSnapshot&query_param=USDOT&query_string=34909
Growth,High,FIVE STAR TRUCKING INC,FIVE STAR TRUCKING INC,35101,13,13,JOSEPH  GRAMC,4409539300,safety@fivestartrucking.com,WILLOUGHBY,OH,44094,4380 GLENBROOK RD,S,Yes,AUTHORIZED FOR HIRE,120,$199/mo Growth,Offer DOT Record Monitor $29/mo,"CSA areas, reports, multi-user — growing fleet (fits Growth $199)",https://safer.fmcsa.dot.gov/query.asp?searchtype=ANY&query_type=queryCarrierSnapshot&query_param=USDOT&query_string=35101
Starter,Medium,MEYER MILK TRANSPORT INC,MEYER MILK TRANSPORT INC,35204,5,6,RANDIE MEYER,7018453166,ktraemeyer@gmail.com,VALLEY CITY,ND,58072,937 13TH AVE SE,None listed,No,AUTHORIZED FOR HIRE,120,$99/mo Starter,Mention Monitor after trial activation,Expiration tracking + document vault for small fleet (fits Starter $99),https://safer.fmcsa.dot.gov/query.asp?searchtype=ANY&query_type=queryCarrierSnapshot&query_param=USDOT&query_string=35204
Fleet,Medium,MIDWEST MOTOR EXPRESS INC,MIDWEST MOTOR EXPRESS INC,35207,522,428,TYLER JOHNSON,7012231880,tyler.johnson@mmeinc.com,BISMARCK,ND,58501,5015 EAST MAIN AVE,S,Yes,AUTHORIZED FOR HIRE,120,$299/mo Fleet,Offer DOT Record Monitor $29/mo,"Unlimited seats, reports, integrations + Monitor (fits Fleet $299)",https://safer.fmcsa.dot.gov/query.asp?searchtype=ANY&query_type=queryCarrierSnapshot&query_param=USDOT&query_string=35207
Growth,Medium,MINOT BUILDERS SUPPLY ASSOCIATION,MINOT BUILDERS SUPPLY ASSOCIATION,35211,28,20,CHRISTOPHER JONES,7018521301,cjones@minotbuilderssupply.com,MINOT,ND,58701,2626 BURDICK EXPRESS WAY WEST,S,No,AUTHORIZED FOR HIRE,95,$199/mo Growth,Offer DOT Record Monitor $29/mo,"CSA areas, reports, multi-user — growing fleet (fits Growth $199)",https://safer.fmcsa.dot.gov/query.asp?searchtype=ANY&query_type=queryCarrierSnapshot&query_param=USDOT&query_string=35211
Starter,Medium,WHALEN'S MOVING & STORAGE,WHALEN'S INC,35282,5,5,MARY ANN WHALEN,7017755557,,GRAND FORKS,ND,58203,900 1ST AVENUE N,S,No,AUTHORIZED FOR HIRE,55,$99/mo Starter,Mention Monitor after trial activation,Expiration tracking + document vault for small fleet (fits Starter $99),https://safer.fmcsa.dot.gov/query.asp?searchtype=ANY&query_type=queryCarrierSnapshot&query_param=USDOT&query_string=35282
